date,asset_a,asset_b,asset_c,asset_d,benchmark
2018-01-02,98.972964,98.406976,99.086085,100.444749,98.754515
2018-01-03,99.292170,98.500095,98.786361,97.755547,98.031705
2018-01-04,100.242437,97.404694,101.116896,97.836673,98.387108
2018-01-05,100.090353,97.097489,100.294251,98.044392,98.217209
2018-01-08,102.505553,96.885869,100.022876,99.049530,98.787500
2018-01-09,102.872378,97.447075,100.856452,99.543633,99.115563
2018-01-10,102.731545,95.790590,100.386941,100.233151,98.621430
2018-01-11,103.057256,95.856008,100.277924,100.327290,98.812561
2018-01-12,103.696937,95.011996,99.979162,100.508113,98.477538
2018-01-15,103.852885,95.436298,99.964422,102.764972,98.915909
2018-01-16,103.294967,98.328152,100.657393,103.836052,99.270076
2018-01-17,103.212404,96.451395,99.459522,103.252013,98.936855
2018-01-18,104.521974,98.043509,100.151660,102.881050,99.604233
2018-01-19,106.096987,101.123740,102.024639,104.289711,99.938395
2018-01-22,105.555881,101.429462,103.052208,105.335386,99.978794
2018-01-23,101.045827,98.378328,101.542007,101.036392,97.720839
2018-01-24,94.195356,98.753307,100.430773,99.071317,95.653941
2018-01-25,94.754736,99.058430,100.761084,99.366796,96.257122
2018-01-26,94.206904,98.139746,100.729028,97.747709,96.536997
2018-01-29,94.665555,98.373664,101.385718,98.514830,97.248113
2018-01-30,95.672183,99.151154,102.908058,102.007216,98.330372
2018-01-31,93.655792,98.363988,102.843202,100.417838,97.311616
2018-02-01,93.134104,98.045387,100.572866,97.435673,95.862352
2018-02-02,92.354842,97.866310,99.671776,97.088796,95.418433
2018-02-05,94.029644,99.031304,99.746306,98.492080,95.718101
2018-02-06,93.634557,99.803141,100.840296,96.636860,95.732789
2018-02-07,92.143120,97.354888,99.985884,94.945380,94.573589
2018-02-08,89.516119,95.948212,98.869698,92.146760,92.912899
2018-02-09,90.242580,97.124537,99.943614,94.167621,94.248744
2018-02-12,90.039105,97.566029,100.870280,94.381835,94.197246
2018-02-13,92.170357,98.963055,101.366586,94.985685,95.648700
2018-02-14,93.435240,99.709685,102.730270,92.450429,95.981495
2018-02-15,95.337559,99.754409,103.610470,92.703774,96.703609
2018-02-16,94.964885,99.000727,103.276961,93.273413,96.082568
2018-02-19,94.378333,96.484047,103.507604,94.918602,95.743560
2018-02-20,93.743574,96.509699,104.160026,92.307816,95.260114
2018-02-21,94.239419,95.498446,101.489038,89.957379,93.748665
2018-02-22,94.647938,97.306688,101.953462,90.090497,93.625043
2018-02-23,93.725035,96.916490,102.229344,88.446314,93.073976
2018-02-26,95.373271,98.289000,103.090172,87.244528,92.839364
2018-02-27,94.563031,97.718993,102.793098,83.907131,91.978623
2018-02-28,94.831061,98.126723,103.177314,85.166866,92.467508
2018-03-01,94.843852,98.219852,102.102363,84.875678,93.086233
2018-03-02,96.081400,100.270707,103.855331,86.649167,95.235497
2018-03-05,93.332522,98.880236,103.342977,85.180818,94.283429
2018-03-06,94.031469,98.409672,102.945609,85.198585,94.106475
2018-03-07,93.651665,96.431439,102.466375,86.190703,93.620426
2018-03-08,93.389458,95.636743,102.734643,83.931067,92.499470
2018-03-09,94.468188,95.732094,102.783058,83.989570,92.607557
2018-03-12,93.204441,95.392763,102.483265,84.519817,92.644238
2018-03-13,89.248594,95.115899,102.078290,84.342124,91.741550
2018-03-14,90.745633,96.266438,102.183140,84.648100,92.578131
2018-03-15,90.269245,95.404398,100.564032,81.457224,91.528430
2018-03-16,92.319396,97.954338,100.727037,78.623358,92.337779
2018-03-19,92.790585,97.487871,98.490892,79.259670,91.825979
2018-03-20,92.743382,97.878436,98.688361,77.957728,91.775366
2018-03-21,92.698608,98.243500,98.423293,78.887956,92.021398
2018-03-22,93.302144,99.607681,99.474920,77.728105,92.668862
2018-03-23,93.447821,101.459911,99.957770,77.676302,93.083164
2018-03-26,92.536858,101.141732,100.950351,78.615134,93.146711
2018-03-27,92.429972,101.010903,101.438997,75.126680,92.487973
2018-03-28,93.349343,99.786451,101.388318,75.494236,92.981056
2018-03-29,94.448442,99.426442,101.700397,76.284151,93.624523
2018-03-30,95.447234,101.476390,101.795242,74.862545,94.073654
2018-04-02,93.798726,100.411248,100.809523,71.765730,92.732710
2018-04-03,92.133434,98.598521,100.333054,70.586586,91.650359
2018-04-04,93.543404,98.654162,99.497115,71.371483,91.661296
2018-04-05,98.539917,100.087176,101.133337,74.124556,94.390085
2018-04-06,100.366900,102.552407,102.105619,76.035550,95.437640
2018-04-09,98.930208,101.352710,102.309613,73.574059,94.415908
2018-04-10,97.242444,100.795657,101.923648,73.903981,94.264939
2018-04-11,96.257926,100.983358,101.877369,70.456505,93.639319
2018-04-12,95.909716,100.975918,101.709340,70.387543,92.647090
2018-04-13,96.373960,100.047792,100.182017,70.774039,92.543300
2018-04-16,96.332701,99.210754,98.789177,72.059934,92.287065
2018-04-17,88.107362,95.302106,95.653137,68.735329,88.546369
2018-04-18,88.703377,95.546729,95.719515,70.251287,88.906484
2018-04-19,88.320087,93.503631,95.248637,69.851131,88.480040
2018-04-20,85.557111,91.601019,94.887524,68.480626,87.077048
2018-04-23,84.975572,92.640501,95.036028,70.222290,87.420186
2018-04-24,85.209326,93.878085,95.262509,71.179409,87.750377
2018-04-25,83.713906,90.190183,94.382282,70.443845,86.088796
2018-04-26,84.102607,90.104282,94.801785,70.047445,86.567805
2018-04-27,84.984552,90.785041,93.433703,70.914740,86.635630
2018-04-30,88.325186,92.821305,93.946511,71.296964,88.571180
2018-05-01,86.391687,92.184379,93.620509,69.741686,87.356690
2018-05-02,86.891180,93.034224,92.148450,69.269052,87.122454
2018-05-03,87.742535,93.047409,91.791480,68.299364,86.401302
2018-05-04,90.554032,92.952943,92.310324,69.144750,87.327932
2018-05-07,92.029826,93.706618,93.416412,68.064008,87.984829
2018-05-08,92.306634,94.193533,92.551400,68.436109,88.152330
2018-05-09,93.779615,93.758595,92.801935,67.541923,88.214315
2018-05-10,93.739757,93.052291,92.747571,67.303627,87.897418
2018-05-11,93.979467,94.345931,93.525077,68.516763,88.493186
2018-05-14,93.624420,94.636620,93.249494,68.178507,88.474767
2018-05-15,94.361995,96.927013,93.610082,68.261961,89.027817
2018-05-16,94.915753,97.713444,92.412264,70.417120,89.333429
2018-05-17,93.392960,96.502363,92.507839,71.017553,88.953918
2018-05-18,94.885888,96.475242,91.913813,71.694728,89.259336
2018-05-21,94.403843,97.551722,91.847161,71.026529,89.584961
2018-05-22,96.910029,98.044374,91.900022,72.327793,90.349855
2018-05-23,97.934235,98.159336,90.993751,73.044957,90.422482
2018-05-24,98.220949,98.113439,91.168147,73.037419,90.316619
2018-05-25,97.951264,98.535208,90.732859,75.115462,90.717596
2018-05-28,95.344189,98.378851,90.516525,76.157038,90.229856
2018-05-29,96.964278,98.262612,89.698503,78.228582,90.412715
2018-05-30,98.319024,97.206564,89.461403,77.724660,90.571396
2018-05-31,98.665391,97.257613,89.492756,78.164474,90.913587
2018-06-01,96.267610,95.701571,88.802500,77.326945,89.562106
2018-06-04,96.923284,95.124516,88.317294,77.857565,89.422083
2018-06-05,95.905187,94.883478,88.587548,76.863085,88.792123
2018-06-06,93.145367,94.509708,87.277573,74.405328,89.063265
2018-06-07,90.292490,93.566681,86.843525,73.918388,88.123084
2018-06-08,90.469826,92.552948,87.231920,75.115966,88.145833
2018-06-11,90.063346,91.580573,86.474123,72.549628,86.353025
2018-06-12,90.249487,92.662589,86.184006,72.993354,86.627240
2018-06-13,95.308122,95.117065,86.334664,73.881816,88.613642
2018-06-14,96.159612,95.120122,86.120513,75.596681,89.143895
2018-06-15,95.573574,94.867436,85.672842,76.058277,88.869911
2018-06-18,95.263001,93.946823,86.744136,75.960077,88.785847
2018-06-19,94.839919,94.721175,87.721447,77.275163,89.344317
2018-06-20,93.153868,95.524443,87.201509,76.663988,89.276778
2018-06-21,93.610897,95.547129,85.617375,77.646103,89.319102
2018-06-22,94.541953,95.919139,85.440929,76.596701,89.535369
2018-06-25,98.334269,98.027614,89.653632,77.532000,91.641243
2018-06-26,99.520891,98.278345,89.696938,78.786084,91.799613
2018-06-27,98.701433,98.645168,89.357807,77.771168,91.911503
2018-06-28,99.658625,99.397726,90.417615,77.713194,92.697652
2018-06-29,97.993107,98.651892,90.722803,77.382542,92.434827
2018-07-02,98.823092,95.283719,90.139471,75.770012,91.457914
2018-07-03,99.144632,96.429882,90.545604,77.338681,91.635444
2018-07-04,99.533113,97.023090,91.349403,77.995778,93.032760
2018-07-05,99.225318,96.642630,90.624718,74.702184,92.507858
2018-07-06,101.046793,96.839435,90.135283,75.243475,93.465571
2018-07-09,100.301829,94.497059,89.963053,73.078566,91.760650
2018-07-10,102.319500,95.186062,90.861078,70.322193,92.192538
2018-07-11,102.863479,94.738576,91.268112,71.848409,93.110409
2018-07-12,102.959342,95.865138,90.275607,72.998419,92.996233
2018-07-13,104.188992,96.514914,90.746383,73.322509,93.531628
2018-07-16,102.775260,95.467987,90.144925,73.270002,92.492335
2018-07-17,102.527730,96.054020,90.215053,71.055369,92.043433
2018-07-18,102.002512,96.401757,89.917457,72.994055,92.987044
2018-07-19,101.375182,96.999097,90.488796,73.886798,93.566533
2018-07-20,98.822303,95.083500,89.904010,72.855599,92.749716
2018-07-23,98.340586,95.975361,89.875627,74.273445,92.974048
2018-07-24,97.125000,95.455015,90.286337,74.804174,92.793095
2018-07-25,96.241910,95.211327,90.620878,72.410476,91.683916
2018-07-26,100.848398,96.033635,90.181539,74.649144,92.971074
2018-07-27,100.639419,95.482562,89.792824,77.036268,93.525998
2018-07-30,102.543900,97.560411,89.661367,77.713926,94.263086
2018-07-31,102.348760,98.942931,88.728495,76.534076,93.670837
2018-08-01,101.931107,99.810834,89.429238,77.181827,93.303537
2018-08-02,102.146612,99.722641,89.228394,78.481261,93.600795
2018-08-03,101.752289,96.373129,88.339104,79.230552,92.805097
2018-08-06,103.188521,96.823277,88.545288,78.726969,93.694398
2018-08-07,103.288045,95.418047,88.799201,83.641470,94.438884
2018-08-08,104.801205,97.752485,88.277129,85.106043,95.482334
2018-08-09,104.749000,97.494627,88.236646,81.739476,94.709289
2018-08-10,104.630456,98.234057,89.102538,83.850896,95.099674
2018-08-13,101.466322,96.099817,88.758754,82.799823,94.116326
2018-08-14,99.999792,96.992230,88.762069,82.998258,94.767240
2018-08-15,101.311600,98.286406,90.006297,87.356791,96.699626
2018-08-16,100.785902,96.569967,88.640795,87.639284,95.936024
2018-08-17,101.845785,97.896335,88.780639,88.206715,97.030372
2018-08-20,99.876333,95.963491,88.157140,86.509977,95.521793
2018-08-21,99.321285,95.323660,87.892302,87.697913,95.646932
2018-08-22,100.995926,92.732936,85.594438,86.590171,95.466042
2018-08-23,99.967652,92.801925,86.298212,85.508003,95.348581
2018-08-24,98.822964,92.465515,86.489392,84.009224,95.219472
2018-08-27,98.874188,95.025088,87.462494,85.318141,95.940462
2018-08-28,96.058384,92.703788,86.817503,82.487106,94.839540
2018-08-29,97.161139,95.020836,87.391350,83.702224,94.904702
2018-08-30,98.917036,96.170874,86.620802,84.563309,95.155391
2018-08-31,100.003020,97.378569,86.014181,87.687495,96.017429
2018-09-03,103.214951,99.605100,85.094242,88.756390,96.904699
2018-09-04,103.052693,98.112547,84.441442,91.835942,97.096418
2018-09-05,99.812463,97.071064,83.735401,89.425553,95.825440
2018-09-06,98.356914,97.869415,84.398381,84.896142,95.295852
2018-09-07,97.057021,95.942821,84.186966,84.182929,95.144598
2018-09-10,97.973829,95.638552,83.897293,84.840916,95.257274
2018-09-11,99.539848,97.684196,83.698627,86.559303,96.029881
2018-09-12,101.028369,99.719622,83.946284,86.472020,96.272053
2018-09-13,99.446017,99.724056,84.269251,85.179328,95.143399
2018-09-14,101.177900,100.182763,84.404081,86.786072,95.765716
2018-09-17,98.035872,98.931431,83.238453,85.345247,94.203484
2018-09-18,98.405459,99.374287,83.741693,83.772675,93.874200
2018-09-19,99.049642,97.708815,82.805297,86.369003,93.215664
2018-09-20,97.492612,98.500548,83.422934,86.199208,92.882253
2018-09-21,98.393164,99.439417,83.422076,88.367117,93.550179
2018-09-24,93.937693,97.034317,82.473012,85.154485,91.350112
2018-09-25,93.260384,96.770495,81.466992,80.200803,89.876028
2018-09-26,93.528804,98.370182,80.945474,83.291789,90.423532
2018-09-27,90.911937,97.688402,81.152926,83.158708,89.679937
2018-09-28,90.206271,95.908658,79.592904,81.854667,88.602341
2018-10-01,88.476941,95.157611,79.297504,81.001101,88.251430
2018-10-02,87.824038,95.943853,79.741074,79.493298,88.166575
2018-10-03,87.506148,96.475211,79.937854,78.403962,87.895111
2018-10-04,89.413897,97.247354,79.827175,79.368407,88.250004
2018-10-05,88.948039,99.628499,79.740157,79.411745,88.924596
2018-10-08,89.731981,99.303342,79.589907,79.775785,88.555732
2018-10-09,92.615842,101.025220,81.315677,81.029523,90.039667
2018-10-10,92.011363,102.089109,81.849370,81.018828,90.236633
2018-10-11,89.195682,101.314463,80.259679,81.377275,89.094782
2018-10-12,90.976726,102.870409,80.317904,83.915824,90.105992
2018-10-15,93.226311,102.116124,81.263375,84.162679,90.361865
2018-10-16,94.705270,101.445220,80.603280,84.434664,90.361499
2018-10-17,94.415583,102.736015,80.727256,82.580753,90.459847
2018-10-18,97.780261,105.944683,82.995318,84.774983,93.054709
2018-10-19,95.878194,106.721376,83.001673,86.610307,94.968991
2018-10-22,93.464302,105.723466,81.495535,85.531996,93.842305
2018-10-23,93.005455,107.441556,81.605261,83.942747,93.434439
2018-10-24,97.339022,107.667097,82.441671,85.181580,94.779403
2018-10-25,97.622356,108.256046,82.939734,89.146610,96.064481
2018-10-26,96.971012,106.608453,82.398903,88.098015,95.542594
2018-10-29,98.154139,106.613898,82.289201,89.384197,96.042011
2018-10-30,96.292057,105.847026,82.089094,89.649787,95.794465
2018-10-31,96.306997,103.397587,81.465912,86.792521,94.686947
2018-11-01,94.608502,103.619626,82.325528,85.900363,93.855148
2018-11-02,95.656450,104.708408,81.919934,87.464329,93.983872
2018-11-05,93.317225,107.039896,82.778717,87.493874,93.925314
2018-11-06,94.084413,107.471647,81.943831,88.502837,94.320178
2018-11-07,93.845380,101.488918,81.221362,86.275331,93.316971
2018-11-08,94.009448,101.495348,81.492216,87.543226,93.921360
2018-11-09,93.074394,101.809556,81.171608,87.416855,93.830638
2018-11-12,92.207755,101.573012,81.273029,87.085571,93.260331
2018-11-13,94.465082,101.769200,81.587154,89.886866,94.372204
2018-11-14,94.454287,105.598728,80.426751,90.213632,94.686824
2018-11-15,94.206299,105.087895,80.342014,90.107607,94.663926
2018-11-16,94.129317,104.362017,80.506411,88.978343,94.914454
2018-11-19,94.134893,103.742493,81.194213,87.919180,94.585747
2018-11-20,93.881891,103.591302,80.287916,85.538918,94.016343
2018-11-21,93.743504,104.369649,80.853877,88.357250,94.605847
2018-11-22,93.867911,103.758282,81.322912,86.841038,94.425210
2018-11-23,92.890860,103.438699,82.891154,87.135074,93.879884
2018-11-26,92.152199,102.762087,82.687770,87.493756,93.875478
2018-11-27,93.619401,103.326301,83.623280,89.193861,94.205348
2018-11-28,94.298539,105.641824,83.697411,88.214460,94.601808
2018-11-29,93.463074,105.753194,82.905830,94.532414,94.699057
2018-11-30,91.590384,104.557722,82.653217,92.142000,93.636335
2018-12-03,93.849918,106.084345,83.538285,92.394765,95.332910
2018-12-04,91.053069,104.532036,83.190695,89.822115,93.616407
2018-12-05,90.622555,108.054591,82.766979,92.767459,94.209776
2018-12-06,91.648295,109.615593,80.935853,92.848952,94.496836
2018-12-07,89.707296,111.066874,80.918917,89.182090,93.975444
2018-12-10,90.932528,111.636462,81.485571,90.906497,94.390335
2018-12-11,90.439390,111.135634,81.088541,91.590863,93.898265
2018-12-12,90.245365,110.594755,80.631108,91.145225,93.795254
2018-12-13,90.452702,112.732777,81.010197,89.213675,94.070975
2018-12-14,89.576929,113.125665,81.078426,88.810535,93.541744
2018-12-17,89.249124,111.767643,81.016232,87.756662,92.727974
2018-12-18,88.480171,112.624625,80.629396,87.194481,92.844773
2018-12-19,88.955125,112.308726,80.145171,88.083897,92.455186
2018-12-20,89.470765,113.278542,80.675595,91.848724,93.104521
2018-12-21,89.695787,113.836624,81.562651,92.677407,93.708392
2018-12-24,88.994049,112.917452,80.164680,94.552424,93.599883
2018-12-25,84.785008,109.983569,78.895083,91.938771,91.434006
2018-12-26,86.585689,109.992328,78.480999,93.857468,92.303124
2018-12-27,87.296646,110.685038,78.833323,91.158159,91.938736
2018-12-28,87.226834,109.422577,78.283400,92.570592,91.711749
2018-12-31,87.174085,108.927805,78.596773,92.358549,91.257095
2019-01-01,88.770692,112.631791,78.951287,95.292146,92.785746
2019-01-02,89.835212,116.213397,79.350472,96.654647,93.563529
2019-01-03,91.258041,118.084481,79.379468,96.048070,94.110890
2019-01-04,94.163806,118.454717,81.129857,99.257980,95.977014
2019-01-07,94.682715,118.374702,81.753314,99.875029,96.760521
2019-01-08,96.645500,119.815564,82.464022,97.824752,97.788236
2019-01-09,101.958478,122.091291,84.282262,101.673686,100.703310
2019-01-10,102.524191,124.057234,83.869249,103.940676,101.254621
2019-01-11,102.449036,127.192651,82.833910,105.221287,102.480781
2019-01-14,99.888336,125.046655,82.343590,102.169071,101.014966
2019-01-15,102.128252,125.990572,82.314056,105.508600,101.942993
2019-01-16,102.925938,126.606957,82.533921,109.103271,102.262161
2019-01-17,104.927638,128.212576,83.259394,112.041015,103.680005
2019-01-18,104.505627,128.261872,84.809669,114.892688,104.466966
2019-01-21,106.569439,130.806511,84.911740,114.156451,104.893602
2019-01-22,109.798157,131.701445,85.308229,114.926446,106.347662
2019-01-23,108.816368,135.850361,85.317091,117.976874,107.084504
2019-01-24,107.444552,135.648107,85.881618,115.714478,106.559375
2019-01-25,107.994324,136.575100,86.557193,117.977578,106.585076
2019-01-28,109.596496,137.361653,86.954130,116.593655,107.173853
2019-01-29,109.821782,140.521241,87.834557,120.266040,108.417730
2019-01-30,108.509770,139.720870,87.420842,121.331022,108.570249
2019-01-31,111.544375,140.252667,88.326788,123.078359,109.299104
2019-02-01,111.479982,141.235416,88.991164,123.622918,109.470726
2019-02-04,114.595715,142.983813,89.756620,122.307991,109.736854
2019-02-05,115.734780,147.341257,89.756596,122.917648,110.886548
2019-02-06,115.324984,146.662868,90.783894,122.089022,110.567788
2019-02-07,113.604374,145.817290,90.245805,122.169099,109.668560
2019-02-08,114.880169,145.795778,91.704981,121.566974,110.485482
2019-02-11,115.972698,147.429299,92.560815,126.872587,111.203075
2019-02-12,115.821177,146.813005,91.766870,124.287713,111.173320
2019-02-13,116.680783,148.211186,90.981031,126.870626,111.697289
2019-02-14,116.210545,148.801208,92.442616,126.008989,111.131044
2019-02-15,115.839804,152.211549,92.916958,120.189809,111.197103
2019-02-18,115.693682,152.882384,93.226511,119.403931,112.216002
2019-02-19,118.802881,157.245074,95.770948,120.691849,114.627255
2019-02-20,120.375815,160.037938,95.882877,121.302702,115.782460
2019-02-21,118.385252,157.466304,94.810957,120.653007,114.643663
2019-02-22,115.722374,158.761657,94.288142,121.970957,114.422004
2019-02-25,115.550283,158.021445,94.465771,121.530956,113.946371
2019-02-26,116.311800,160.718003,94.594519,119.285518,114.495075
2019-02-27,118.365269,161.152831,94.582974,117.839070,114.999049
2019-02-28,119.650928,162.709656,94.126102,115.629209,116.740072
2019-03-01,119.194437,160.151709,93.654316,114.535023,115.540849
2019-03-04,119.695944,159.999880,93.711362,116.080180,115.944424
2019-03-05,120.613457,161.799132,94.397604,107.283793,115.483713
2019-03-06,121.268824,163.222777,94.711425,107.744826,116.155692
2019-03-07,121.748411,166.770843,95.875878,107.972479,117.242213
2019-03-08,123.215986,165.444039,96.615163,112.281302,118.527534
2019-03-11,124.983985,165.629184,96.619826,112.960852,118.628411
2019-03-12,125.122073,166.071603,97.326672,116.608685,119.378009
2019-03-13,125.004206,165.168616,95.917782,119.770945,119.603249
2019-03-14,124.661114,164.652648,95.245215,121.079419,120.287658
2019-03-15,125.488578,162.999317,96.720602,121.149343,120.936692
2019-03-18,125.823671,161.352807,96.965876,123.097782,120.756367
2019-03-19,125.207220,162.366806,97.877736,120.282433,121.074105
2019-03-20,126.123272,167.433258,98.374544,120.513798,122.802790
2019-03-21,125.488172,166.011124,99.074246,119.339805,123.403535
2019-03-22,126.986660,167.417387,98.864302,122.724844,125.575313
2019-03-25,128.567315,169.044930,99.424829,120.650327,125.723543
2019-03-26,129.065263,169.230186,98.215852,118.806523,125.490145
2019-03-27,130.070181,170.691474,97.971700,121.210793,128.002229
2019-03-28,126.879904,169.865059,97.948579,120.131570,127.199482
2019-03-29,116.261464,167.392130,96.291576,115.989211,124.116030
2019-04-01,113.621403,163.847180,95.025773,114.641643,122.427745
2019-04-02,113.021982,161.600052,92.581746,113.417451,121.198506
2019-04-03,109.404556,159.198428,91.566512,114.212716,119.485913
2019-04-04,109.901060,159.664230,92.838166,115.683195,119.837622
2019-04-05,111.426322,161.478912,93.613095,115.932367,120.841321
2019-04-08,108.651441,159.907407,92.360462,110.312278,119.056929
2019-04-09,106.912332,157.681549,92.662472,107.458653,117.735480
2019-04-10,106.259819,157.387031,92.439506,105.600650,117.819025
2019-04-11,105.037925,156.472232,92.516191,104.607208,116.766993
2019-04-12,106.906593,156.372556,93.656438,108.655219,118.301551
2019-04-15,107.859784,155.208596,93.260541,109.546572,118.538990
2019-04-16,106.066455,154.799372,92.450499,106.817606,117.493802
2019-04-17,107.009188,156.976302,94.193142,109.456638,119.138599
2019-04-18,106.979147,157.449152,94.668115,110.236714,119.424842
2019-04-19,108.165523,157.591357,95.033411,108.961003,119.611801
2019-04-22,110.887393,158.993825,94.327876,107.194868,119.921388
2019-04-23,112.451408,159.995350,92.531788,108.947015,120.629486
2019-04-24,112.400748,160.774788,92.552955,111.825517,120.986256
2019-04-25,112.170356,161.834610,92.320084,111.429899,120.897103
2019-04-26,112.830683,161.586826,92.200682,112.697684,120.635351
2019-04-29,112.732365,160.432393,92.429883,113.193185,120.629015
2019-04-30,111.226659,158.933928,90.594613,108.065219,118.693515
2019-05-01,107.977745,156.464183,88.288863,106.367956,117.030056
2019-05-02,107.033713,155.575348,88.167345,107.879113,116.677794
2019-05-03,107.838447,156.423252,88.348398,109.524632,117.623807
2019-05-06,107.964356,156.525435,88.997342,110.301214,118.043604
2019-05-07,108.491836,154.237426,89.955893,109.211784,117.847714
2019-05-08,105.114976,152.644905,89.536445,106.050202,114.830577
2019-05-09,103.138589,152.796269,89.758437,107.602143,114.183247
2019-05-10,103.564088,152.080943,89.930754,108.616053,114.416878
2019-05-13,104.632783,153.041995,89.653811,109.436347,113.936991
2019-05-14,104.380772,151.567733,88.128689,114.113376,114.081454
2019-05-15,102.087112,147.438420,86.846934,114.507934,113.253389
2019-05-16,97.748852,141.261936,84.749346,113.245385,110.001283
2019-05-17,100.272537,141.920202,84.758436,115.992971,110.353865
2019-05-20,102.171226,140.177756,85.379645,117.521182,110.383702
2019-05-21,103.374894,140.449397,83.970823,117.239349,110.258488
2019-05-22,102.453063,140.525353,84.422707,117.068238,110.058468
2019-05-23,103.993277,139.454817,84.306664,117.748317,110.298478
2019-05-24,102.957794,135.932129,83.199485,116.353679,109.222636
2019-05-27,103.721068,135.924218,83.905896,122.317284,110.113965
2019-05-28,101.267472,130.487452,82.735735,116.983398,107.060495
2019-05-29,103.169656,130.361950,84.070968,118.720117,108.042160
2019-05-30,103.230921,129.406714,84.783220,118.829360,108.339015
2019-05-31,99.723679,127.284767,84.209052,116.751236,106.491823
2019-06-03,100.662929,128.542288,83.496533,119.874896,108.374325
2019-06-04,98.348278,126.746683,82.278317,118.908575,106.928419
2019-06-05,97.280714,122.672644,83.789786,119.903588,106.472696
2019-06-06,94.744437,122.431167,82.904914,116.967466,105.220113
2019-06-07,93.554200,120.505837,82.083507,116.535768,103.822864
2019-06-10,94.287553,119.141013,82.628346,117.413553,103.899127
2019-06-11,95.661148,119.959465,82.524987,119.872908,104.785891
2019-06-12,94.300687,118.325215,82.213146,118.347291,104.256755
2019-06-13,92.440703,117.059588,81.535229,115.261144,102.794223
2019-06-14,93.065510,117.073716,81.497546,114.342040,103.130640
2019-06-17,93.483603,118.855307,81.447627,119.345623,103.506962
2019-06-18,95.482781,118.523033,81.214444,118.860783,103.962631
2019-06-19,95.811798,119.971181,81.479521,121.021339,104.569101
2019-06-20,95.857851,119.656343,81.163485,120.177679,104.310092
2019-06-21,94.554297,116.075840,80.631534,117.087903,102.768115
2019-06-24,93.756170,115.454842,80.440235,113.518049,102.170913
2019-06-25,93.524397,119.027205,81.199222,116.090831,103.095481
2019-06-26,95.897880,120.098189,82.058775,116.009984,104.109124
2019-06-27,97.404809,120.408339,82.446386,118.059424,105.607431
2019-06-28,95.789742,120.443611,82.781247,109.627677,104.891703
2019-07-01,95.447958,120.165156,82.647617,105.438628,103.896874
2019-07-02,93.421615,118.002881,82.583464,103.224579,103.287040
2019-07-03,92.326828,118.122679,82.563117,103.721949,102.709277
2019-07-04,93.790314,119.834880,83.564352,105.982719,104.447530
2019-07-05,94.206828,119.640484,83.954004,105.319700,104.407368
2019-07-08,94.393291,118.552512,84.169866,104.045285,103.487911
2019-07-09,94.848909,119.421214,83.938091,104.400818,103.891390
2019-07-10,94.617279,120.124082,83.914551,106.022934,104.125123
2019-07-11,95.130105,120.792856,85.660165,107.780776,104.966186
2019-07-12,93.474472,119.742469,86.419144,106.443911,103.119071
2019-07-15,92.946974,120.696934,85.577911,103.780108,102.522548
2019-07-16,92.679458,120.053941,85.810720,105.142702,101.785660
2019-07-17,90.775530,116.572781,85.439666,105.005435,100.308283
2019-07-18,90.652545,116.622089,84.673702,101.584331,99.636297
2019-07-19,89.200358,116.589601,83.717993,100.390290,98.905019
2019-07-22,90.222133,117.890101,83.742119,100.008631,99.138039
2019-07-23,91.420834,119.306660,84.357417,97.283634,99.991963
2019-07-24,91.935274,120.192967,84.296394,99.420645,100.750920
2019-07-25,91.418223,122.528149,84.893548,99.596296,101.069996
2019-07-26,90.171076,121.166313,81.748705,96.502127,99.799651
2019-07-29,89.980087,123.397142,80.425490,96.031884,99.884775
2019-07-30,87.273853,122.471215,78.565963,92.842450,98.349216
2019-07-31,89.707893,126.655088,79.895523,95.476150,100.134131
2019-08-01,91.185029,127.110678,79.584963,96.230975,100.680937
2019-08-02,91.084941,127.332968,77.935731,96.776422,100.221067
2019-08-05,92.128804,127.139139,78.233732,97.301969,100.571338
2019-08-06,92.517771,131.860746,78.136924,101.543388,99.947050
2019-08-07,93.323079,132.096232,78.208945,100.834188,99.939903
2019-08-08,90.295918,131.966756,78.560441,101.250823,98.878768
2019-08-09,93.464240,132.382445,78.353519,102.821177,99.915002
2019-08-12,93.754612,134.594192,78.153945,101.955476,99.890587
2019-08-13,93.203985,134.342994,77.979544,101.224750,99.588897
2019-08-14,91.872814,134.576521,77.359627,100.557223,99.108962
2019-08-15,92.080449,135.948401,77.736427,98.639548,99.497567
2019-08-16,92.262638,135.752242,78.553287,99.886361,99.991048
2019-08-19,95.169803,136.655947,79.308402,100.362374,101.021601
2019-08-20,94.666701,137.790404,78.706913,98.610089,100.648118
2019-08-21,95.936409,141.506366,79.354096,99.056973,101.561354
2019-08-22,96.911245,141.467286,79.753746,98.852629,101.976535
2019-08-23,96.111034,140.955798,81.591758,99.864743,102.150546
2019-08-26,97.413416,142.584360,81.410504,100.018627,102.281019
2019-08-27,95.717597,141.407029,80.635623,93.964110,101.147726
2019-08-28,95.892543,140.760125,81.324692,94.453204,100.960914
2019-08-29,96.888128,141.694959,82.090324,96.031355,101.922599
2019-08-30,98.762302,144.330442,83.339120,99.574291,103.957187
2019-09-02,101.015566,147.410431,83.414038,101.654729,105.170306
2019-09-03,99.680904,145.611830,83.348990,100.397989,103.917131
2019-09-04,98.339919,143.471499,82.402932,98.573432,102.303416
2019-09-05,98.000640,138.797336,81.803324,97.299493,101.373380
2019-09-06,97.291338,137.115685,81.902421,95.587753,100.798728
2019-09-09,98.099259,137.856964,82.131317,94.325476,100.848124
2019-09-10,98.111551,137.672706,82.225208,94.727461,100.407074
2019-09-11,95.395510,138.930396,83.389836,93.245250,99.981322
2019-09-12,96.095790,139.826165,83.394387,92.237435,100.152549
2019-09-13,95.501705,139.273481,84.931255,92.925050,100.294518
2019-09-16,97.361703,140.130079,85.678310,93.173659,101.674953
2019-09-17,97.587097,139.159964,86.688216,95.596080,102.791308
2019-09-18,96.893153,137.836551,86.692488,102.229699,103.557969
2019-09-19,94.140400,136.853463,86.522232,100.984381,102.187757
2019-09-20,95.196990,137.648421,87.237000,103.011405,102.670206
2019-09-23,95.547803,137.494050,87.552049,104.266042,103.237199
2019-09-24,95.718301,139.681337,85.863563,105.644263,101.425575
2019-09-25,96.578597,139.729459,85.983880,104.357042,101.714011
2019-09-26,95.814642,139.028324,86.763267,101.238623,101.075442
2019-09-27,94.940862,138.130994,86.227280,103.940039,101.166814
2019-09-30,95.235027,136.607672,86.186768,106.095199,101.601381
2019-10-01,97.391899,137.769094,86.700592,109.729378,102.885285
2019-10-02,96.649756,138.609560,85.735883,110.185852,102.858167
2019-10-03,95.733739,140.803342,85.337260,110.324019,102.627614
2019-10-04,95.413417,142.016633,85.030920,110.115438,102.834343
2019-10-07,95.920122,143.868861,84.550148,112.211240,103.458430
2019-10-08,95.183770,140.019588,83.937160,111.062941,101.927081
2019-10-09,94.601707,140.274610,82.925491,111.265371,101.324343
2019-10-10,96.410035,141.848996,82.743198,112.342391,101.921743
2019-10-11,97.647002,143.286311,81.953623,111.210362,101.086839
2019-10-14,96.633945,142.297467,79.925900,114.083083,100.450674
2019-10-15,97.376854,142.704117,80.515930,116.821315,101.540665
2019-10-16,96.598706,140.907460,79.820761,116.332036,101.026390
2019-10-17,102.011296,142.699042,80.742155,119.272898,103.274301
2019-10-18,103.389704,144.414022,82.247053,120.078732,104.348711
2019-10-21,102.510107,144.506731,82.844045,118.794560,104.193579
2019-10-22,98.876086,150.807198,82.988758,114.954431,103.420062
2019-10-23,101.140440,152.785004,83.613502,113.612034,104.409844
2019-10-24,100.403235,152.895178,84.759770,110.182845,103.409023
2019-10-25,100.168847,152.069786,84.870805,107.259508,102.916947
2019-10-28,101.595502,150.710044,83.977461,108.639080,102.966985
2019-10-29,105.118181,152.704618,85.256527,109.492442,104.486766
2019-10-30,104.579944,152.929589,85.792840,106.616031,104.607745
2019-10-31,107.039292,151.594992,86.227084,107.701515,105.093196
2019-11-01,105.530304,152.922498,86.592960,105.377233,104.944512
2019-11-04,108.871376,154.803123,85.793714,107.219565,105.665010
2019-11-05,114.554859,157.665615,86.356378,110.305115,107.792140
2019-11-06,114.952029,157.146922,84.894157,111.871063,107.610826
2019-11-07,113.320218,156.089320,85.042634,114.311980,107.833064
2019-11-08,111.634209,155.049423,85.137243,108.680575,106.310772
2019-11-11,115.738875,155.572594,85.298244,112.253710,106.996354
2019-11-12,110.968327,155.444332,85.098646,109.546616,105.961312
2019-11-13,111.053344,156.826204,86.775524,108.386836,106.656605
2019-11-14,110.396553,157.668062,88.533668,110.749169,107.709427
2019-11-15,111.661962,159.578537,88.412012,110.096843,108.333799
2019-11-18,110.787488,161.901863,88.480689,110.221063,108.490808
2019-11-19,109.084638,159.282942,87.985872,108.399271,107.247779
2019-11-20,104.700886,156.946414,87.560842,107.967105,105.361402
2019-11-21,105.847693,159.027053,87.302555,111.420202,106.161554
2019-11-22,103.932692,158.290564,86.769829,110.348888,104.613146
2019-11-25,103.408748,157.085846,86.617141,114.543541,104.537063
2019-11-26,103.169039,158.042382,86.406456,116.375828,105.164944
2019-11-27,104.501434,154.441620,87.021442,117.989368,105.045030
2019-11-28,101.891334,155.747846,84.602848,116.227390,102.945498
2019-11-29,100.439100,152.089742,83.902141,115.819999,101.864445
2019-12-02,101.123839,152.144482,83.695498,111.989128,101.710516
2019-12-03,99.831049,151.011015,83.595597,113.678491,101.303336
2019-12-04,100.416191,149.156109,84.591382,118.645333,101.782474
2019-12-05,100.239035,148.999394,84.267926,119.307500,101.383224
2019-12-06,98.734400,151.298462,84.315825,112.846572,100.777943
2019-12-09,96.941087,150.314743,85.190161,110.654447,100.332569
2019-12-10,99.105777,149.684911,86.939983,113.499410,101.166372
2019-12-11,100.527195,148.547982,87.413136,114.077961,101.396785
2019-12-12,98.587011,146.015632,87.817067,112.662336,100.424235
2019-12-13,98.943578,146.449416,87.825784,112.287895,99.968581
2019-12-16,98.625028,146.419255,89.077059,112.881056,99.943888
2019-12-17,100.212521,146.982582,88.652333,115.695722,100.246375
2019-12-18,97.291246,145.908773,89.484407,114.648370,99.063239
2019-12-19,97.588973,141.308971,88.655600,111.845650,97.896928
2019-12-20,98.557591,142.376997,89.163979,112.973236,98.749779
2019-12-23,100.318385,142.637524,89.378980,116.277111,100.039866
2019-12-24,99.284110,140.225081,87.760456,117.777827,99.202861
2019-12-25,94.911912,138.141130,87.394264,113.481143,97.509054
2019-12-26,96.546403,137.186106,87.420210,113.672242,97.654348
2019-12-27,96.812392,137.662357,87.656946,116.312184,97.983751
2019-12-30,98.485035,140.678751,86.013779,115.700486,98.580555
2019-12-31,96.649089,136.908570,86.707464,112.265907,97.650971
2020-01-01,96.151818,138.999203,86.751342,110.513487,97.758823
2020-01-02,96.521077,139.660463,88.192933,112.868655,98.462732
2020-01-03,96.922043,139.763137,88.067789,111.672152,98.343155
2020-01-06,95.572478,138.421347,88.828652,110.541163,98.402761
2020-01-07,95.612242,138.690965,87.418319,109.840105,97.566571
2020-01-08,95.892265,140.095811,87.457811,107.866332,97.533738
2020-01-09,96.609166,140.234616,88.462538,108.639408,97.882647
2020-01-10,96.175793,139.965120,88.785704,107.663131,97.976857
2020-01-13,95.124351,138.643117,88.289769,108.673616,97.236158
2020-01-14,96.481362,138.718822,88.908717,106.281225,97.361416
2020-01-15,97.487206,138.518895,88.741394,105.824620,97.861684
2020-01-16,97.351296,137.490642,88.102932,104.792732,97.985385
2020-01-17,96.148105,136.045921,87.547214,103.344337,97.274611
2020-01-20,95.650551,135.713273,88.053033,101.115073,97.173623
2020-01-21,93.776538,133.132679,87.669016,102.974269,96.778486
2020-01-22,95.739473,134.664167,86.970893,103.357335,97.695930
2020-01-23,98.674953,136.642916,87.250526,106.707121,98.879896
2020-01-24,102.548982,137.068113,86.779729,110.326682,99.418585
2020-01-27,101.849330,135.427399,88.003448,109.979197,99.428829
2020-01-28,107.070679,139.325297,90.150363,112.028426,101.749067
2020-01-29,107.486240,138.302159,90.652725,109.795009,101.666969
2020-01-30,107.328233,140.015856,90.177760,108.387742,101.625834
2020-01-31,106.773747,138.647605,90.158959,106.869836,101.309280
2020-02-03,107.288109,139.975125,90.713384,108.868804,101.639485
2020-02-04,106.681904,139.240652,90.170213,112.467745,101.871758
2020-02-05,106.664098,139.988159,90.595458,112.555962,101.395248
2020-02-06,109.839039,141.815773,88.927833,111.664270,101.806213
2020-02-07,109.451155,141.897031,88.953786,110.593487,100.969342
2020-02-10,107.695434,143.057071,89.845863,109.474946,100.942429
2020-02-11,109.760145,147.747204,91.093797,113.780918,103.079293
2020-02-12,110.319810,149.115665,92.326210,112.385679,103.763178
2020-02-13,112.687769,148.680577,92.253270,113.065448,104.455093
2020-02-14,113.719664,149.984726,93.622257,118.099955,105.932394
2020-02-17,116.234691,151.686904,94.187914,116.131854,106.697701
2020-02-18,112.040220,151.506920,93.510328,111.970815,105.025868
2020-02-19,109.955776,150.756887,92.313436,110.915399,104.005975
2020-02-20,119.734934,157.685101,94.878042,112.980257,108.618928
2020-02-21,118.419424,163.314595,96.569040,118.079723,110.786206
2020-02-24,108.713005,155.148490,91.990328,112.686536,106.165456
2020-02-25,108.630432,152.649569,91.570188,111.047360,106.376736
2020-02-26,107.888337,147.745591,91.178653,104.003656,104.065226
2020-02-27,107.975136,149.271328,92.565876,102.033544,104.102908
2020-02-28,112.920563,160.715229,93.671093,104.408050,108.499592
2020-03-02,107.428045,153.944821,91.856618,99.522502,104.473699
2020-03-03,106.171854,153.255519,94.597662,100.904211,104.318275
2020-03-04,107.179766,150.656680,95.501460,99.397282,103.500911
2020-03-05,105.065947,146.568410,93.565356,100.626430,102.199822
2020-03-06,106.372452,147.314537,94.695149,103.207555,102.114479
2020-03-09,104.043831,146.792394,93.746880,99.357082,100.074681
2020-03-10,105.134196,139.647532,93.457017,103.025335,98.484153
2020-03-11,108.151947,141.179748,92.774223,105.657309,97.761300
2020-03-12,116.447730,143.369470,94.143236,109.699596,98.726046
2020-03-13,112.104590,140.751982,92.192875,111.741458,97.249634
2020-03-16,115.970000,141.795885,94.350340,118.434743,98.399822
2020-03-17,124.369074,145.715642,95.736186,118.943024,101.451905
2020-03-18,113.390093,139.776784,93.190640,113.526001,97.498458
2020-03-19,115.271363,140.459243,92.851349,105.935450,96.337105
2020-03-20,116.460098,144.143904,92.778680,109.067898,98.510726
2020-03-23,116.279629,139.173921,91.055340,111.746931,97.608593
2020-03-24,117.108841,137.460333,91.137962,116.139979,97.514911
2020-03-25,118.661740,141.460327,92.662760,124.853928,100.996907
2020-03-26,118.962564,141.135510,90.820154,129.682550,101.481661
2020-03-27,121.743626,142.466241,87.108223,130.485130,101.934019
2020-03-30,124.209014,142.381660,87.051780,140.564787,103.396352
2020-03-31,122.008082,140.000605,87.626764,140.287837,103.195226
2020-04-01,123.734291,139.000643,85.778632,139.181266,101.638338
2020-04-02,126.562362,144.872016,87.563935,136.379047,102.482510
2020-04-03,134.681326,152.421960,85.007500,144.129780,106.930534
2020-04-06,141.862318,156.108488,88.593620,146.831808,109.949117
2020-04-07,127.958015,146.865996,83.205653,134.761856,103.890903
2020-04-08,125.319148,144.279266,81.776095,126.113360,102.333380
2020-04-09,127.654493,141.500794,80.718386,131.492956,102.400719
2020-04-10,131.062026,144.027398,81.147507,124.313381,103.818735
2020-04-13,134.961472,146.901478,80.864662,126.413828,105.253302
2020-04-14,131.785735,150.054171,80.472835,122.649687,104.734010
2020-04-15,129.535437,144.673363,81.813380,121.344584,104.361393
2020-04-16,132.921786,146.922873,82.277141,128.209124,106.823468
2020-04-17,129.102616,144.439396,82.033302,122.962260,104.399679
2020-04-20,137.115622,143.835241,83.341688,137.309057,107.197440
2020-04-21,129.863267,140.830079,82.474713,128.782434,104.746845
2020-04-22,133.647520,142.234642,84.353463,142.605076,106.007743
2020-04-23,132.807683,146.820339,84.758262,144.539823,106.975916
2020-04-24,129.067208,147.908623,81.007761,139.563414,103.417365
2020-04-27,120.947787,142.740595,77.731075,135.411541,99.634629
2020-04-28,118.202759,132.592487,77.092987,131.515732,96.725007
2020-04-29,117.473687,130.717370,77.533596,130.449242,95.720621
2020-04-30,115.722149,124.345893,78.622763,123.858324,94.781772
2020-05-01,111.200729,119.167317,76.856278,120.441295,92.743775
2020-05-04,108.799548,122.090993,76.314420,118.711722,93.377577
2020-05-05,110.774060,122.022705,78.907357,122.555430,95.773590
2020-05-06,107.653681,122.702426,78.603239,125.665389,95.281490
2020-05-07,110.975193,126.258340,81.153406,132.099685,97.339767
2020-05-08,105.499088,122.112520,81.276501,126.343561,94.206570
2020-05-11,106.042332,124.673575,79.912091,130.855566,94.599789
2020-05-12,108.243346,129.548889,78.394394,130.295280,95.782187
2020-05-13,106.442082,133.648644,79.074933,128.750884,96.055775
2020-05-14,105.904926,127.642231,76.481184,124.734863,93.667101
2020-05-15,106.848970,126.934880,76.734675,123.944648,94.272133
2020-05-18,106.116910,127.876438,75.017582,117.990214,92.860724
2020-05-19,99.629970,128.133168,75.299487,114.158148,91.219490
2020-05-20,95.559063,125.459792,75.668597,112.456342,88.935676
2020-05-21,92.314901,127.637844,76.545263,110.377925,88.682252
2020-05-22,88.943395,128.294559,78.225205,106.361886,88.317229
2020-05-25,94.091562,133.446542,79.028954,108.966391,91.247343
2020-05-26,88.485902,128.377979,77.563895,104.367460,89.352558
2020-05-27,92.206330,128.271361,78.388376,101.812537,89.871009
2020-05-28,90.356380,124.296451,76.492831,108.220884,88.608508
2020-05-29,81.955003,117.422756,75.420172,107.375695,84.520449
2020-06-01,85.337801,119.519634,76.034555,114.716493,87.115456
2020-06-02,86.381169,119.887898,74.895714,112.107934,86.591867
2020-06-03,98.939655,126.134557,78.539183,125.026171,92.328185
2020-06-04,102.549873,126.478701,78.050237,135.192547,93.134243
2020-06-05,99.726173,127.327902,80.051854,137.813486,93.614872
2020-06-08,99.307195,130.707660,79.590293,135.857622,94.281078
2020-06-09,102.239324,132.590057,82.110054,143.281203,97.348684
2020-06-10,100.100409,126.218380,80.979597,124.462850,92.746094
2020-06-11,94.661280,125.778236,80.357722,127.626574,90.465190
2020-06-12,96.750646,125.996566,80.464381,107.565606,88.275452
2020-06-15,95.518598,129.158658,82.346587,101.677409,88.356519
2020-06-16,89.908119,131.351000,84.174715,100.422511,86.868420
2020-06-17,87.489621,122.155955,81.881934,96.687089,85.605439
2020-06-18,86.780938,126.220668,83.440545,95.732821,85.861026
2020-06-19,89.448055,127.720250,85.302593,93.607654,87.025424
2020-06-22,89.934833,134.293058,87.154447,88.560938,87.851112
2020-06-23,89.405147,139.404820,85.508735,92.044608,88.028847
2020-06-24,91.264277,142.161938,85.269245,89.832258,87.269618
2020-06-25,91.406384,142.891017,84.937789,87.991293,86.570645
2020-06-26,87.414133,135.938736,82.140297,88.684765,83.942078
2020-06-29,92.432040,140.571765,81.261895,88.295378,84.815946
2020-06-30,97.683853,142.190867,83.183076,102.848381,89.169222
2020-07-01,99.590617,142.742161,82.943175,107.233787,89.453682
2020-07-02,99.087761,142.286527,82.369660,107.302448,89.543037
2020-07-03,99.700208,142.213616,81.967251,110.355977,89.740479
2020-07-06,99.923171,140.975423,81.832102,109.105193,89.725148
2020-07-07,99.493534,140.256917,82.281839,115.429544,89.830367
2020-07-08,100.709020,141.962182,81.870898,116.070227,89.827604
2020-07-09,100.104796,141.308148,82.670129,110.134568,89.067412
2020-07-10,103.600482,140.961131,82.318048,113.850339,90.018451
2020-07-13,100.809958,136.709724,81.593833,112.800473,88.199700
2020-07-14,100.114484,136.218252,80.824503,116.338650,88.618573
2020-07-15,103.663264,137.253188,80.223604,115.584064,88.860496
2020-07-16,102.534630,136.884951,80.342326,116.646326,88.848715
2020-07-17,103.304186,138.508761,79.876914,120.262164,89.444524
2020-07-20,98.232081,137.863848,79.245832,116.406750,87.040215
2020-07-21,98.040759,135.517961,79.737864,119.681008,86.861773
2020-07-22,100.034807,138.272512,79.697573,121.252411,88.223007
2020-07-23,99.448210,137.722646,79.705231,120.215934,87.505140
2020-07-24,99.238615,138.026771,78.253485,119.495270,86.304504
2020-07-27,101.118647,139.555716,78.142380,123.902779,87.031720
2020-07-28,103.079202,141.650912,78.065998,126.567775,87.539996
2020-07-29,101.265623,139.697725,77.317970,123.146934,86.683154
2020-07-30,98.892811,136.718295,78.068258,120.453505,86.135114
2020-07-31,96.432730,132.773193,77.401934,117.831860,84.659649
2020-08-03,94.175243,133.192913,77.149291,118.830247,85.747225
2020-08-04,90.867035,132.181179,76.989789,117.068338,84.661790
2020-08-05,90.232309,131.244356,76.892995,117.205253,84.527375
2020-08-06,90.842922,131.067453,77.653003,117.445799,85.013750
2020-08-07,91.152235,131.789490,78.209826,119.114134,85.384124
2020-08-10,90.197203,129.203623,77.314603,118.794686,84.696343
2020-08-11,90.739687,129.083172,77.258250,123.786049,84.830576
2020-08-12,93.777157,130.647961,78.686003,128.285535,85.909661
2020-08-13,95.802948,132.579170,79.390021,129.166337,87.165884
2020-08-14,95.389667,134.217943,79.629154,128.212088,87.268443
2020-08-17,98.161250,137.379407,81.022696,130.617917,88.402625
2020-08-18,97.080654,136.770136,80.962106,131.523290,88.158098
2020-08-19,97.357552,137.020672,80.267491,133.159432,87.751338
2020-08-20,97.395404,136.984219,81.270922,120.162998,86.961870
2020-08-21,96.607941,135.865462,81.331237,121.729648,86.442751
2020-08-24,98.297846,136.715418,81.142718,124.002982,86.648275
2020-08-25,99.670701,136.976350,82.003162,122.627574,86.920727
2020-08-26,101.432300,137.330466,83.234671,125.198262,87.546990
2020-08-27,100.985406,138.354214,83.794680,128.101454,88.098496
2020-08-28,102.357679,140.495421,83.732832,132.231002,89.250538
2020-08-31,103.837157,141.640106,82.304609,128.863405,88.938134
2020-09-01,105.002546,136.874447,81.326542,123.145700,87.783806
2020-09-02,102.806539,136.887805,81.894136,123.302628,87.334267
2020-09-03,100.121425,133.304291,80.282133,121.046186,85.932749
2020-09-04,101.835537,134.087577,80.084564,123.521092,86.814455
2020-09-07,102.904520,133.291356,79.763453,127.881755,87.439162
2020-09-08,105.240694,135.131360,80.820968,125.256984,88.145033
2020-09-09,102.806054,132.716278,81.351833,125.846665,87.731212
2020-09-10,101.102770,133.061766,81.016814,124.192202,87.033170
2020-09-11,100.848708,131.054556,81.111389,121.067898,86.346820
2020-09-14,102.632013,132.716223,81.761472,128.353988,87.595062
2020-09-15,97.939546,131.541719,80.656873,125.062025,86.226168
2020-09-16,98.439821,131.340645,80.936086,128.100861,86.256141
2020-09-17,97.321462,128.761303,80.162468,131.604890,85.125592
2020-09-18,97.783739,128.683877,80.165697,127.471907,84.855584
2020-09-21,94.587556,127.705385,79.784515,124.352760,83.568297
2020-09-22,97.271775,130.373699,79.973023,126.816334,84.656512
2020-09-23,96.488664,128.267300,78.865744,128.098207,84.204834
2020-09-24,96.363379,127.718733,78.852409,129.852786,84.126948
2020-09-25,97.161990,129.727260,79.538523,131.005407,84.985195
2020-09-28,96.304960,128.103250,79.454876,130.117127,84.399451
2020-09-29,98.594071,127.414015,78.740136,126.556904,84.272108
2020-09-30,99.600394,127.457019,78.266074,124.393194,84.591483
2020-10-01,98.269744,123.971564,76.952790,121.326518,82.053876
2020-10-02,98.166880,120.331668,76.049768,118.689864,81.157021
2020-10-05,97.737162,119.622509,77.327056,116.198547,81.206476
2020-10-06,97.447947,119.496842,77.823001,117.550085,81.528348
2020-10-07,98.306820,120.076966,76.557621,119.436987,81.960919
2020-10-08,99.406108,119.589897,78.899360,119.956623,82.965676
2020-10-09,99.887329,120.937137,80.266139,122.142510,83.698940
2020-10-12,100.913697,121.291455,81.455740,126.988736,84.916912
2020-10-13,100.800468,122.809568,80.780105,119.761124,84.435914
2020-10-14,99.781283,121.546733,79.539467,116.563633,83.479349
2020-10-15,100.608137,121.033054,79.237800,116.919955,83.782118
2020-10-16,100.313322,121.043753,79.395721,115.357463,83.676832
2020-10-19,101.539463,120.499977,78.871264,112.227118,83.245532
2020-10-20,101.298698,118.876768,79.064012,108.259043,82.415447
2020-10-21,102.495923,121.941093,79.670674,109.435399,83.430373
2020-10-22,103.529205,122.718755,80.368151,110.363413,83.168975
2020-10-23,105.113937,126.761438,79.563633,110.738863,83.461986
2020-10-26,103.985006,120.412874,77.525914,109.418323,82.003209
2020-10-27,102.859991,120.573173,77.487904,105.786510,81.920337
2020-10-28,101.117479,119.617759,78.324811,107.532352,81.522830
2020-10-29,100.167340,120.437704,78.589830,109.393445,81.685458
2020-10-30,101.077021,120.289343,78.493512,109.873082,81.919560
2020-11-02,102.007622,122.143382,77.418749,108.308641,81.792451
2020-11-03,101.936718,120.232835,77.172650,111.219024,81.550163
2020-11-04,101.984275,121.099572,77.423738,109.860329,81.734386
2020-11-05,104.018813,123.999499,76.453517,109.760286,82.035835
2020-11-06,106.377022,125.277319,77.195388,112.407313,82.943956
2020-11-09,108.502866,125.479891,78.384968,116.072937,83.753557
2020-11-10,109.829080,126.477556,78.675591,120.823959,84.935866
2020-11-11,107.342762,124.295842,77.753137,120.748009,84.443360
2020-11-12,112.818352,126.989029,78.666701,121.928467,85.793586
2020-11-13,112.334545,126.606280,78.459730,122.637564,84.407044
2020-11-16,114.894312,129.225218,80.633008,125.129982,86.278878
2020-11-17,113.255065,124.627599,80.045575,122.544060,85.645597
2020-11-18,111.573688,126.811437,80.767973,121.808560,85.997160
2020-11-19,110.914270,126.349620,81.210955,123.217176,85.587746
2020-11-20,115.116287,127.788839,81.441261,123.035361,86.202782
2020-11-23,114.535677,125.520774,81.408514,120.900495,85.688203
2020-11-24,118.531933,129.039864,78.028091,123.891093,86.046774
2020-11-25,116.021772,123.676528,76.998864,121.139450,84.493880
2020-11-26,114.446843,122.863861,77.250258,120.829034,84.717320
2020-11-27,114.897194,123.962352,78.023662,122.404722,85.275510
2020-11-30,115.980253,124.154544,77.619250,124.292153,86.467856
2020-12-01,116.771293,124.150719,77.996735,125.368933,86.877639
2020-12-02,118.778865,122.435510,77.935184,127.403676,87.226327
2020-12-03,119.783454,121.237956,77.223556,127.932461,87.266424
2020-12-04,120.676802,122.875322,77.703298,129.795870,87.770419
2020-12-07,121.078655,123.793425,78.113942,131.951023,87.988745
2020-12-08,119.556488,122.423136,77.794180,129.129626,87.540428
2020-12-09,115.976591,119.788502,76.138969,126.990577,85.914849
2020-12-10,119.951039,122.448563,76.754687,132.370925,87.553181
2020-12-11,118.311412,122.066188,78.334922,135.257027,87.681612
2020-12-14,117.378441,119.465040,77.430152,138.305608,86.788627
2020-12-15,117.460808,119.544706,77.979867,140.032763,87.570384
2020-12-16,118.393729,120.380279,79.282311,142.128505,88.180096
2020-12-17,120.486464,119.383800,78.918605,144.540081,89.033581
2020-12-18,120.139918,119.543010,77.808378,142.876355,88.618145
2020-12-21,118.845643,118.327733,77.878208,141.927296,88.392731
2020-12-22,120.497013,118.783557,77.923546,146.746457,88.891656
2020-12-23,124.815100,122.823551,78.824666,151.232662,90.293518
2020-12-24,123.307605,121.470725,79.234303,150.328194,90.127179
2020-12-25,126.246627,121.175809,78.991536,156.786862,90.626219
2020-12-28,130.331994,124.398869,79.777215,157.638535,91.909435
2020-12-29,125.867403,123.204883,78.825591,154.505402,90.322945
2020-12-30,127.231428,122.744405,79.540091,155.700558,91.219921
2020-12-31,127.412480,122.862059,79.784857,156.581976,91.201608
2021-01-01,121.337258,120.564457,79.522131,152.874864,88.712076
2021-01-04,119.481974,120.694326,79.662530,151.813874,88.309792
2021-01-05,118.492852,121.544659,78.317803,151.240891,88.047467
2021-01-06,123.500538,121.810178,78.825763,155.397640,89.138646
2021-01-07,122.625413,122.027594,78.304730,159.262433,89.242093
2021-01-08,122.902511,122.631848,79.409764,160.619232,89.754368
2021-01-11,119.585136,122.218013,78.555324,162.445892,88.811878
2021-01-12,120.663589,124.823106,78.272472,163.725457,89.219372
2021-01-13,123.784864,127.054690,80.149339,166.162494,91.077544
2021-01-14,123.532950,128.543674,81.333953,163.679313,90.632724
2021-01-15,123.951907,129.597518,82.518272,163.992383,90.896879
2021-01-18,124.429192,131.966542,82.306715,162.950960,91.251337
2021-01-19,124.860209,130.410059,81.574567,157.387705,90.265861
2021-01-20,124.925018,130.884084,81.348031,158.245488,90.688162
2021-01-21,128.597060,131.032232,82.500423,159.014180,91.900484
2021-01-22,126.133479,132.810082,83.633322,155.053311,91.672846
2021-01-25,128.808357,132.874628,83.123873,152.784956,91.696938
2021-01-26,126.811661,132.802887,83.923596,151.370742,91.519535
2021-01-27,127.922231,132.577323,83.279967,154.725900,91.863105
2021-01-28,128.745095,133.411128,83.710427,154.782111,91.921518
2021-01-29,122.724721,131.942540,82.409449,148.349327,90.051311
2021-02-01,123.468919,134.633434,83.487614,152.059729,91.170630
2021-02-02,124.838876,134.953302,83.142908,153.527589,91.032210
2021-02-03,122.663585,133.435573,83.249244,151.392199,89.986776
2021-02-04,121.407917,133.071276,82.968245,149.858672,89.550705
2021-02-05,117.760663,130.279053,83.812675,151.373642,88.788817
2021-02-08,117.245033,128.959100,82.924673,148.120503,88.497685
2021-02-09,118.989409,129.345799,84.649082,147.413138,88.671325
2021-02-10,116.959440,128.483661,84.500546,142.605807,87.767688
2021-02-11,119.718615,129.988048,85.642247,145.377849,88.959896
2021-02-12,118.859957,130.500456,85.805612,141.619966,88.822369
2021-02-15,120.040461,130.519699,86.549283,141.904481,89.125571
2021-02-16,119.275140,131.703217,86.937507,144.498290,89.671833
2021-02-17,122.601682,134.221414,87.085046,146.854021,90.608705
2021-02-18,123.098796,135.136316,87.096836,147.895339,90.916190
2021-02-19,120.371921,134.830771,86.987550,147.496856,90.079636
2021-02-22,121.753836,136.412366,86.450810,152.089914,90.628073
2021-02-23,122.989899,135.232428,85.759220,153.957323,89.996173
2021-02-24,121.982535,134.108406,86.341965,149.954651,89.658989
2021-02-25,121.224063,133.283824,86.807859,148.794812,89.760596
2021-02-26,117.989323,132.064044,86.746768,151.593960,88.967390
2021-03-01,117.875799,132.742015,87.115140,141.703920,87.443994
2021-03-02,119.696658,132.294312,86.103976,144.311896,87.932786
2021-03-03,117.349383,123.149393,84.102971,143.156064,85.679231
2021-03-04,118.659660,123.989734,84.630049,143.617614,86.406901
2021-03-05,122.018083,124.862877,84.745187,144.647615,87.487177
2021-03-08,120.661555,124.498005,83.589275,145.564923,87.086312
2021-03-09,121.360456,126.131426,83.308688,146.488880,87.262547
2021-03-10,117.512927,122.608201,82.266039,137.394507,84.807560
2021-03-11,118.086083,123.317381,81.756754,137.179521,84.899868
2021-03-12,119.169178,124.860745,81.791729,135.436470,85.428571
2021-03-15,117.551021,123.454920,81.318391,137.364492,85.072294
2021-03-16,118.981730,122.518865,80.399202,137.550069,84.445265
2021-03-17,117.766747,123.279155,80.937672,140.152851,84.339485
2021-03-18,119.792625,121.224396,81.237876,139.346637,84.198914
2021-03-19,119.563333,120.119225,82.381216,138.348341,84.325377
2021-03-22,121.591164,120.196485,83.020522,138.124999,84.180342
2021-03-23,119.588038,120.749808,82.247880,134.185191,83.721180
2021-03-24,121.532508,121.494690,82.816878,138.199643,83.882078
2021-03-25,121.837864,122.362074,83.480382,136.697956,84.355790
2021-03-26,122.854809,122.866118,83.645190,139.433418,84.854963
2021-03-29,122.593408,122.345298,83.566830,140.844933,84.465826
2021-03-30,121.990944,122.118583,83.074448,141.164441,84.488338
2021-03-31,123.839429,123.841299,84.156254,142.802780,85.563763
2021-04-01,125.792049,128.179272,84.499122,145.753763,86.735064
2021-04-02,124.421423,127.160101,84.602214,143.522185,86.250939
2021-04-05,122.497056,128.352999,83.997279,141.155609,85.898718
2021-04-06,124.958548,129.286859,83.873379,142.490274,87.081870
2021-04-07,121.738671,128.722151,83.921612,137.036531,85.533547
2021-04-08,122.769463,130.606595,85.051966,128.830470,86.706621
2021-04-09,122.933521,129.788069,85.483664,128.639964,86.668501
2021-04-12,124.821386,131.977800,85.233241,129.577348,87.737283
2021-04-13,129.052748,132.931929,86.233162,133.455351,88.742736
2021-04-14,127.485099,133.230859,86.633164,133.931091,88.492829
2021-04-15,127.267680,128.132113,85.416028,131.698863,87.995532
2021-04-16,123.154650,128.048797,83.668206,125.344020,86.521777
2021-04-19,121.097196,125.738732,83.236445,125.347387,85.830058
2021-04-20,124.110441,127.280756,84.021487,129.347470,86.653916
2021-04-21,125.955146,127.157479,84.899241,133.648789,86.645282
2021-04-22,126.515521,128.136614,84.337250,133.289691,87.049297
2021-04-23,127.733185,128.597903,84.843517,138.559996,88.115127
2021-04-26,129.270174,120.109706,83.470792,136.481643,87.025531
2021-04-27,130.037448,119.233137,84.253720,142.150883,87.519712
2021-04-28,131.952205,119.571968,84.363089,143.977996,87.996553
2021-04-29,123.309309,116.205532,83.310099,138.739077,85.370770
2021-04-30,125.383027,118.122594,81.151149,136.611555,85.540643
2021-05-03,127.680920,118.339463,81.880442,132.549876,86.262313
2021-05-04,126.372984,116.442648,82.028380,133.969020,85.729701
2021-05-05,127.221947,116.990934,82.034833,132.652173,85.835157
2021-05-06,126.318902,115.690952,81.998400,133.391392,85.583994
2021-05-07,128.802736,115.501401,82.647342,136.866106,86.392261
2021-05-10,130.702001,116.500307,82.139827,136.334638,86.863125
2021-05-11,128.858716,115.341561,81.375484,130.455477,85.800036
2021-05-12,127.965090,115.403133,81.197082,129.044017,85.744937
2021-05-13,129.198580,117.205597,82.363655,132.816813,86.901891
2021-05-14,129.455793,117.948913,82.831743,133.484169,87.185015
2021-05-17,126.956720,118.439328,81.430262,132.993246,86.602806
2021-05-18,128.501549,117.443913,82.314194,127.583080,86.109122
2021-05-19,130.245821,117.912930,82.103371,125.575958,86.164436
2021-05-20,130.488118,117.070447,81.489137,122.612237,85.457802
2021-05-21,131.874637,119.568870,82.358539,119.084729,85.904591
2021-05-24,131.972980,120.421106,82.655404,119.394713,86.299803
2021-05-25,133.808290,121.390627,83.160209,119.698254,86.782764
2021-05-26,124.773818,115.993472,81.312513,114.888796,84.756236
2021-05-27,126.385360,116.267627,80.879422,113.751385,84.645460
2021-05-28,124.210661,116.349699,81.641404,111.616728,84.278430
2021-05-31,123.610720,115.025975,81.571110,112.249350,83.954549
2021-06-01,122.731789,114.910805,81.117199,110.420826,83.806690
2021-06-02,122.896069,114.936409,81.713378,93.569669,82.691942
2021-06-03,128.634343,119.663854,82.187445,97.466344,84.857186
2021-06-04,128.110024,119.005149,82.735415,97.874128,84.752485
2021-06-07,130.713952,120.613399,82.611800,99.612804,85.159201
2021-06-08,126.893496,117.605906,81.915922,98.989538,83.943307
2021-06-09,130.043140,119.599498,82.936969,99.062030,85.407347
2021-06-10,132.229875,120.889387,82.761395,98.763560,86.244876
2021-06-11,131.770450,119.592080,82.690349,99.771814,87.427975
2021-06-14,130.870338,117.755926,81.917717,98.767858,86.896649
2021-06-15,132.423244,117.305309,81.519596,100.113680,87.317633
2021-06-16,133.362050,117.185843,82.726370,100.415809,88.060551
2021-06-17,133.443577,117.783356,82.426721,97.274626,87.700152
2021-06-18,134.282943,119.041616,82.318635,95.068809,87.848170
2021-06-21,132.517938,118.990306,81.779195,94.639757,87.180865
2021-06-22,129.616504,117.521350,82.168645,92.997411,86.476613
2021-06-23,121.769279,113.835056,80.675814,85.224100,84.527112
2021-06-24,124.115439,113.889795,79.981027,88.376812,85.544256
2021-06-25,125.146907,114.376067,80.367462,89.043919,86.072607
2021-06-28,123.967929,114.710390,80.796496,84.842361,85.569535
2021-06-29,124.052137,116.205078,81.847359,84.253473,86.401585
2021-06-30,118.416355,114.368851,79.387733,81.395589,84.174872
2021-07-01,117.010946,114.202138,78.907299,81.079895,83.614594
2021-07-02,116.191059,112.580747,78.358653,76.656100,82.281303
2021-07-05,114.413669,112.580230,78.047759,71.788471,81.403987
2021-07-06,115.979621,111.945104,77.997988,74.324287,82.032052
2021-07-07,113.016829,111.173260,77.171805,72.171014,81.199521
2021-07-08,112.615823,112.676848,77.445516,73.618981,81.808096
2021-07-09,112.859597,113.134354,77.394516,75.567127,82.660381
2021-07-12,115.407723,115.029983,77.494429,76.278745,82.851172
2021-07-13,114.781602,115.058685,77.638994,75.168348,82.715889
2021-07-14,114.636767,114.691481,77.500583,75.423487,82.655018
2021-07-15,113.145646,113.579459,77.196597,73.873831,81.992867
2021-07-16,114.176772,113.919359,77.478011,72.912938,82.433139
2021-07-19,115.370660,114.789834,77.607104,76.484047,83.268041
2021-07-20,115.968084,116.796069,77.553981,78.150464,83.809311
2021-07-21,112.611338,115.784517,77.430243,76.445297,82.801378
2021-07-22,113.188365,113.943214,76.538354,75.388820,81.975027
2021-07-23,109.187551,113.203673,74.327358,74.273963,79.998298
2021-07-26,109.909994,115.051657,73.802905,77.933016,80.788424
2021-07-27,112.242288,116.331709,74.965073,78.766777,81.931578
2021-07-28,111.409544,116.158825,74.443040,79.198200,81.902166
2021-07-29,111.553133,117.171809,75.957308,78.529795,82.488810
2021-07-30,111.529584,117.318564,76.893302,79.340224,82.688102
2021-08-02,112.082605,115.414363,76.548891,77.962131,82.659176
2021-08-03,114.875533,114.781183,76.472479,77.503845,83.049194
2021-08-04,116.387649,115.997917,76.038592,78.060061,83.628054
2021-08-05,119.605986,116.815134,77.103815,80.778540,84.868054
2021-08-06,121.591843,120.172109,78.660287,79.968861,86.185670
2021-08-09,121.947137,118.547845,77.736341,80.759526,85.041629
2021-08-10,121.513995,117.071534,79.036882,80.546083,84.983711
2021-08-11,118.686980,117.048311,78.059075,79.452561,84.763552
2021-08-12,118.968294,117.438161,78.704117,78.428441,84.733247
2021-08-13,118.152200,118.475909,77.923412,77.425056,84.467076
2021-08-16,114.955959,116.982381,77.140008,79.805096,84.057639
2021-08-17,115.437739,120.973500,78.025532,76.887243,84.343829
2021-08-18,116.107093,120.986552,78.256720,77.096644,83.478604
2021-08-19,116.975815,120.745714,78.564837,74.209236,83.349291
2021-08-20,116.975064,121.525749,78.325582,73.871303,83.386356
2021-08-23,119.590913,121.319234,78.621764,75.112101,83.881599
2021-08-24,118.138015,121.046864,78.526813,75.403180,83.689115
2021-08-25,120.293238,120.557847,78.450265,72.648402,83.732743
2021-08-26,120.433797,121.237841,78.165593,70.844716,83.968186
2021-08-27,119.190986,119.633065,78.565044,71.058831,84.231890
2021-08-30,117.192380,116.243067,78.365471,72.936411,83.654368
2021-08-31,116.267652,115.917141,76.599313,72.455524,82.689882
2021-09-01,115.368880,116.822626,76.262102,72.979464,82.500540
2021-09-02,115.655592,118.517434,78.196005,74.858728,83.225624
2021-09-03,116.471164,118.144000,77.548716,71.875363,83.194977
2021-09-06,112.199115,116.962765,77.774386,70.705405,82.632143
2021-09-07,123.055187,121.004630,79.650866,72.561007,85.925693
2021-09-08,126.514878,121.778410,80.049885,72.438423,86.905480
2021-09-09,125.863072,121.720765,81.334434,74.607831,87.588929
2021-09-10,126.135496,123.571811,81.333440,75.116275,87.510077
2021-09-13,128.692630,123.809251,81.242640,76.520980,88.384175
2021-09-14,130.229068,124.395035,82.275461,77.212541,89.080255
2021-09-15,122.094156,120.555698,80.718303,73.117424,86.101103
2021-09-16,122.732050,121.824015,81.709370,72.673170,86.631248
2021-09-17,120.135237,122.476718,82.653475,72.504978,86.618343
2021-09-20,121.122901,121.220978,82.164501,80.863776,87.515153
2021-09-21,124.099866,122.596219,81.770556,81.552861,88.091617
2021-09-22,125.052972,120.938803,81.238603,80.897432,88.395821
2021-09-23,125.297569,121.670311,81.874797,83.373189,88.931004
2021-09-24,128.340293,122.528250,82.370780,86.020020,90.102084
2021-09-27,128.518482,123.009405,82.646495,87.277668,90.369669
2021-09-28,129.321486,126.460858,83.766050,86.011408,90.616629
2021-09-29,131.797382,123.289388,83.310184,86.639075,90.596900
2021-09-30,131.512294,123.751135,83.419726,86.195720,90.320090
2021-10-01,136.754347,126.114082,84.030426,86.673423,91.553794
2021-10-04,139.017562,125.964472,83.608706,86.970269,92.133404
2021-10-05,137.976066,124.119450,84.335295,87.486003,91.717457
2021-10-06,139.130657,123.668522,84.265335,88.040023,91.956816
2021-10-07,137.475758,124.111940,84.574205,86.684729,91.106373
2021-10-08,137.214332,122.081580,83.688332,86.997701,91.664221
2021-10-11,136.160372,123.139853,83.092345,85.865660,91.533299
2021-10-12,134.316490,122.663387,83.815259,89.845014,91.915080
2021-10-13,134.941542,121.736449,84.698380,89.367201,92.350536
2021-10-14,135.252984,120.372495,84.751052,86.909970,91.933307
2021-10-15,133.932602,121.320962,86.377915,83.662056,91.826995
2021-10-18,133.812441,121.013066,86.535761,83.073713,91.852171
2021-10-19,134.971613,121.838495,88.009970,86.500799,92.949385
2021-10-20,134.767649,123.546533,88.400830,86.426679,94.007628
2021-10-21,132.391171,122.988599,88.421790,84.222336,93.246613
2021-10-22,133.609950,123.791504,89.472328,86.526638,93.148129
2021-10-25,132.864804,123.505759,89.672372,87.189643,92.845713
2021-10-26,133.512979,124.742287,89.887294,88.927207,93.562124
2021-10-27,132.701824,122.658845,89.621783,87.427364,93.480626
2021-10-28,134.698447,125.139111,90.360266,89.109059,94.808376
2021-10-29,139.075079,128.172551,91.387552,91.388879,96.498904
2021-11-01,136.225013,127.359294,90.821329,89.153182,95.648440
2021-11-02,138.021907,129.515337,90.997169,89.466481,96.649108
2021-11-03,138.692937,129.788112,89.771784,89.761366,96.578676
2021-11-04,139.837914,128.972426,89.081587,91.951513,96.806785
2021-11-05,137.786764,128.105587,89.256622,91.319134,96.309725
2021-11-08,138.532793,129.488393,88.707618,91.624769,96.977761
2021-11-09,133.883419,126.274945,86.801521,93.614737,95.944401
2021-11-10,134.864473,126.941824,86.834714,88.163812,95.154228
2021-11-11,135.501110,122.763876,84.153753,90.979980,93.916065
2021-11-12,133.939308,119.450918,83.356549,90.759369,92.714330
2021-11-15,132.246254,120.298778,83.867667,89.550568,93.206658
2021-11-16,130.123589,118.510315,83.903984,90.670045,93.378439
2021-11-17,131.439216,117.401955,82.931869,91.090946,93.159159
2021-11-18,136.095090,119.417453,83.809190,93.401270,94.682304
2021-11-19,131.972037,118.079226,83.695722,91.735030,94.302260
2021-11-22,129.556226,116.217501,82.659857,87.910234,92.448485
2021-11-23,129.223388,116.188231,83.292534,88.682274,92.867702
2021-11-24,129.548951,117.618058,83.357157,90.334856,93.643642
2021-11-25,132.019242,117.037225,83.461408,92.551347,94.619366
2021-11-26,132.857376,117.715346,84.997231,90.046978,94.430836
2021-11-29,131.465421,116.362604,83.892849,84.875757,92.705402
2021-11-30,130.321205,114.974533,84.634124,83.941229,92.590070
2021-12-01,131.297743,115.632150,85.591551,85.728198,94.162777
2021-12-02,131.541149,115.379486,85.973369,83.970633,94.352579
2021-12-03,131.212692,114.753051,86.976354,80.073800,94.243106
2021-12-06,131.624885,113.566817,86.684929,81.268355,94.087068
2021-12-07,128.504727,112.620953,86.651821,81.680116,93.415924
2021-12-08,126.468504,114.060393,84.981309,81.559615,93.059800
2021-12-09,128.802727,114.129789,85.368241,82.716684,93.759617
2021-12-10,130.265088,116.030984,86.539062,81.390427,94.492736
2021-12-13,133.605949,116.785708,87.278739,82.335894,95.653463
2021-12-14,133.428680,120.056256,88.385046,84.644259,96.616102
2021-12-15,128.247230,116.848661,88.132999,83.643473,95.036413
2021-12-16,126.838995,117.152567,87.658235,81.512104,94.305839
2021-12-17,128.146145,116.967684,87.736634,80.925457,94.039580
2021-12-20,125.573445,120.609062,88.248452,78.431323,94.112631
2021-12-21,126.197866,121.498445,88.661283,77.547235,94.539857
2021-12-22,124.679949,121.660462,88.671035,71.616441,93.320378
2021-12-23,125.695376,123.224361,88.803135,71.762894,93.907708
2021-12-24,119.251108,122.837935,88.399286,71.016768,92.765697
2021-12-27,118.350644,121.381013,87.674100,71.163700,92.248780
2021-12-28,118.672164,121.877300,87.330545,70.878976,92.454473
2021-12-29,117.328570,119.488193,86.349842,70.898575,91.535808
2021-12-30,119.159283,119.633551,87.848053,70.938348,92.448558
2021-12-31,121.209618,122.145701,88.275663,69.286760,92.776283
2022-01-03,119.816563,126.746779,89.635666,70.040438,93.410936
2022-01-04,122.509385,127.700187,90.699483,68.214102,93.790050
2022-01-05,123.537033,127.384915,88.776849,67.432597,93.432199
2022-01-06,122.886123,126.725585,88.371159,66.637181,93.621950
2022-01-07,122.421634,125.251036,87.495654,66.010740,93.181947
2022-01-10,123.216805,122.315579,86.968576,65.975889,92.822677
2022-01-11,118.425881,120.635790,86.637898,65.686130,92.413644
2022-01-12,117.715109,118.284923,86.818931,67.596018,92.944975
2022-01-13,119.809314,119.000198,87.245468,69.905160,93.792602
2022-01-14,121.543855,118.971144,87.012637,69.497836,93.743912
2022-01-17,122.439917,118.071697,86.663769,69.262593,93.341544
2022-01-18,123.051464,118.356671,87.725769,70.163449,93.446245
2022-01-19,120.348528,116.332194,86.195681,69.715762,91.997558
2022-01-20,120.774275,114.034495,85.934459,69.621348,91.117803
2022-01-21,118.826611,112.116869,85.871565,68.209142,91.440626
2022-01-24,120.956475,112.780184,84.583544,68.590730,91.983852
2022-01-25,119.982764,112.246025,85.025792,68.613680,92.046643
2022-01-26,120.150769,112.340168,86.479636,66.530243,92.461192
2022-01-27,121.415965,112.458689,86.208512,69.347403,93.487327
2022-01-28,123.765648,113.165659,86.882766,70.448803,94.417432
2022-01-31,124.389303,113.166356,88.337133,70.298492,94.852267
2022-02-01,124.952378,113.115741,87.714759,70.493514,94.758743
2022-02-02,126.264672,112.902057,87.713270,69.045677,94.989259
2022-02-03,123.298670,110.360461,87.139514,68.563858,93.872085
2022-02-04,127.010852,110.380461,87.743265,68.898694,95.124762
2022-02-07,123.550439,107.179906,88.034074,66.494490,93.272313
2022-02-08,124.874895,108.025679,88.452137,63.970990,92.854801
2022-02-09,124.735601,107.565371,89.254673,62.442155,92.822760
2022-02-10,126.687606,109.137395,89.337283,62.948672,93.663909
2022-02-11,125.823305,107.945552,88.602224,61.888610,93.125742
2022-02-14,125.892997,106.577498,88.636610,62.090118,93.755471
2022-02-15,125.337671,106.618080,88.633782,60.917084,92.958486
2022-02-16,127.572016,107.222780,89.580256,62.185310,93.388758
2022-02-17,126.520839,107.270085,89.507307,62.078692,92.800184
2022-02-18,124.395011,106.425259,88.815706,60.897772,91.893035
2022-02-21,124.464280,106.063928,87.810087,60.982951,91.970992
2022-02-22,123.986893,104.902295,87.745701,59.856353,91.045309
2022-02-23,124.795260,105.253578,89.403232,59.646204,91.537587
2022-02-24,126.350664,105.901616,89.704762,59.141208,92.082644
2022-02-25,125.457652,105.361002,89.899914,59.338619,92.554494
2022-02-28,127.428032,106.923867,90.345875,59.526027,93.449876
2022-03-01,125.903853,107.010619,89.745889,59.869645,93.428135
2022-03-02,126.069559,103.051592,89.065065,59.662521,93.118780
2022-03-03,132.931750,105.469669,88.688781,62.795932,95.566833
2022-03-04,137.168930,106.684833,89.318411,64.668393,97.058038
2022-03-07,135.728009,106.125730,85.934898,63.859172,95.853132
2022-03-08,135.912443,107.861177,86.784226,64.218522,96.450372
2022-03-09,139.380545,108.135899,86.820005,65.944683,97.140094
2022-03-10,142.191902,108.960737,87.320021,68.079336,98.582291
2022-03-11,140.221087,108.762772,88.737665,67.314923,98.329541
2022-03-14,139.480350,109.584884,89.956494,64.899693,98.073772
2022-03-15,135.453137,108.037339,88.976446,63.450824,95.880217
2022-03-16,134.573873,107.703831,89.196885,65.303694,95.680118
2022-03-17,136.285251,109.399121,89.798833,65.375847,96.041823
2022-03-18,139.766672,111.374984,90.870721,66.535430,97.175467
2022-03-21,141.358031,110.611920,91.556632,68.097025,97.434967
2022-03-22,145.398661,112.413702,92.650218,70.009311,98.850078
2022-03-23,145.229816,112.895923,92.054183,66.788235,98.368442
2022-03-24,141.041422,111.681612,91.703472,64.248148,96.544106
2022-03-25,140.553571,110.060584,90.840184,64.552274,96.182611
2022-03-28,134.405845,110.390389,90.898306,65.147895,95.425167
2022-03-29,134.571743,109.991358,90.010404,64.001431,95.815432
2022-03-30,135.254654,111.347098,92.249946,64.810833,97.015621
2022-03-31,138.361681,114.761336,92.026238,66.524434,98.013883
2022-04-01,137.320528,114.240907,92.414115,66.880375,97.666737
2022-04-04,137.398547,113.638695,92.027522,66.356607,97.150908
2022-04-05,140.471659,115.332018,92.321281,67.278838,98.020478
2022-04-06,142.318834,116.734613,93.626850,67.571684,98.449869
2022-04-07,144.497529,116.024218,92.226065,74.555772,99.095801
2022-04-08,144.314411,115.255233,92.183164,75.603263,98.556583
2022-04-11,144.122106,114.647640,90.153087,75.569698,97.773327
2022-04-12,144.759078,115.883414,89.893176,73.365880,97.806850
2022-04-13,143.675795,115.828642,91.725721,70.804584,97.776507
2022-04-14,143.278711,115.603714,91.300960,69.667886,97.326945
2022-04-15,142.681158,115.299960,91.874006,68.400029,96.855301
2022-04-18,143.567212,118.380551,90.663574,68.825723,97.250929
2022-04-19,143.858635,118.508979,91.004994,68.769315,97.610145
2022-04-20,145.015382,120.877188,93.648231,68.978924,99.388590
2022-04-21,143.225304,121.100513,93.408075,73.695024,99.661164
2022-04-22,143.054484,120.002918,92.830642,73.700719,99.661095
2022-04-25,142.428630,119.507243,92.562628,73.487481,99.392973
2022-04-26,148.513955,119.649544,92.792710,73.406543,100.710444
2022-04-27,149.763410,120.565429,93.659677,71.887286,101.328706
2022-04-28,148.245072,122.742681,93.311286,70.922162,100.275975
2022-04-29,147.355467,119.720421,94.085092,71.002269,100.116516
2022-05-02,151.073982,120.439769,94.887673,72.698923,101.405552
2022-05-03,150.299204,121.758637,96.121353,72.419909,102.320566
2022-05-04,157.438867,124.323267,96.752420,74.339235,104.455939
2022-05-05,156.871480,126.686533,97.235538,75.040143,105.167631
2022-05-06,157.001752,126.052676,97.361032,77.506475,105.868167
2022-05-09,159.516576,124.828180,97.505381,76.552983,106.067012
2022-05-10,159.027949,127.952429,96.982857,78.473735,106.090816
2022-05-11,162.921494,129.701750,98.031920,79.853469,107.984045
2022-05-12,159.993582,129.195281,96.267012,78.902192,106.533396
2022-05-13,163.607692,130.797997,96.968230,79.040083,107.341866
2022-05-16,166.432049,132.851665,96.857979,79.523562,108.168893
2022-05-17,168.229218,132.182037,97.157885,78.539968,107.717487
2022-05-18,165.755715,132.765912,96.401064,77.020984,107.337597
2022-05-19,162.929688,132.605204,97.300388,75.288762,107.100020
2022-05-20,165.557372,131.011639,97.124880,76.376882,107.710831
2022-05-23,165.531358,132.293375,97.030108,77.209794,108.097528
2022-05-24,163.293774,132.024815,94.673752,76.063949,106.351073
2022-05-25,165.136320,133.915609,95.999380,75.775298,107.009791
2022-05-26,164.429564,131.027733,93.331303,76.240260,105.552374
2022-05-27,166.902259,133.740980,92.038394,78.477298,106.109195
2022-05-30,164.336343,133.603418,92.281375,75.534322,104.971884
2022-05-31,158.952416,132.318417,91.198424,74.401080,102.748527
2022-06-01,155.525323,129.000898,90.694631,73.979371,101.568890
2022-06-02,157.504736,129.679123,91.972087,73.564098,101.975677
2022-06-03,158.908631,131.117850,93.043654,71.883709,102.237073
2022-06-06,164.298587,132.107153,92.646377,72.158695,102.886375
2022-06-07,164.412413,131.826395,92.637133,73.667959,103.127504
2022-06-08,166.380391,132.460944,92.473628,72.909316,103.362531
2022-06-09,167.310091,132.179153,93.365802,72.011873,103.576038
2022-06-10,166.530673,134.390719,93.344600,73.744302,103.306842
2022-06-13,166.311855,135.418869,91.533919,75.229905,103.349954
2022-06-14,166.601549,129.307579,90.405578,73.506697,101.508235
2022-06-15,162.046993,128.581108,88.037797,72.286190,100.107124
2022-06-16,159.006031,129.120313,89.460045,73.245585,100.238061
2022-06-17,157.126752,127.946680,88.695167,73.247758,99.945124
2022-06-20,160.748140,129.215342,89.218770,74.440147,102.372798
2022-06-21,159.475793,125.797279,87.501240,71.088059,100.821740
2022-06-22,160.267642,128.065770,87.915367,70.653303,101.453442
2022-06-23,161.365564,126.649237,87.769993,77.439352,102.373422
2022-06-24,153.962371,123.406936,85.764106,77.595174,100.808191
2022-06-27,153.641447,124.148430,86.404370,79.238282,101.359604
2022-06-28,150.657584,122.922748,86.743192,76.729565,99.984197
2022-06-29,151.075104,118.877926,86.280521,75.796970,98.544902
2022-06-30,151.018423,120.140969,86.564690,74.974395,98.900188
2022-07-01,147.192721,119.274169,85.749105,73.807652,97.935533
2022-07-04,149.219466,118.888813,86.218739,78.347871,99.400409
2022-07-05,147.031743,118.903217,87.677677,78.082629,99.366972
2022-07-06,148.924073,120.342026,88.592074,77.491325,100.041075
2022-07-07,154.463990,121.261090,88.702501,78.717729,101.572896
2022-07-08,153.480792,123.406944,90.185258,80.723780,102.241736
2022-07-11,154.109741,125.062239,90.743179,79.806113,102.664003
2022-07-12,152.895581,125.810786,91.012309,77.501664,102.021447
2022-07-13,153.682135,125.318639,90.283703,79.545275,102.175380
2022-07-14,154.911970,126.016562,89.332322,80.107390,102.152114
2022-07-15,155.967122,124.917005,88.296748,83.578771,101.844530
2022-07-18,157.384421,125.968076,88.521983,82.015630,101.615117
2022-07-19,157.165022,127.525241,87.491312,82.252389,101.044803
2022-07-20,157.761962,128.259670,88.469985,82.503097,100.995096
2022-07-21,157.688661,127.650980,88.850559,81.426893,100.246479
2022-07-22,157.779200,125.505844,87.990434,79.625284,99.039485
2022-07-25,161.497421,128.062924,89.705046,80.767193,100.855465
2022-07-26,163.003603,127.605745,89.384180,81.526751,101.090925
2022-07-27,168.235946,130.038260,89.715586,85.641560,102.812060
2022-07-28,165.250516,124.972402,88.986926,84.538482,101.189146
2022-07-29,162.750000,124.087359,88.691289,84.537464,100.801166
2022-08-01,162.094308,124.396284,88.485321,87.377054,101.612707
2022-08-02,166.684405,126.035639,90.300180,90.723398,103.480757
2022-08-03,167.198115,124.827748,89.952587,89.867697,104.054679
2022-08-04,164.283655,124.589333,89.550419,89.487991,103.333097
2022-08-05,163.650788,125.013086,90.366737,87.892813,103.488019
2022-08-08,161.276258,123.879909,89.308530,87.727178,103.321058
2022-08-09,164.851784,126.046513,88.979584,88.974888,104.058185
2022-08-10,167.965400,119.530895,88.290180,90.510252,103.673199
2022-08-11,168.696832,119.419026,88.465265,89.995912,103.813142
2022-08-12,166.695463,119.613530,88.531364,90.376614,103.591806
2022-08-15,166.367969,119.989192,88.291009,90.403882,103.109523
2022-08-16,168.112879,119.203344,88.166971,91.407368,103.279443
2022-08-17,171.278954,119.704884,88.800594,93.720161,104.711141
2022-08-18,165.908344,119.697955,89.219358,91.989911,103.523405
2022-08-19,168.069232,123.160827,90.254404,93.763963,105.443316
2022-08-22,165.412599,122.412310,90.302708,91.685065,104.797754
2022-08-23,167.156650,122.620893,89.294259,93.325716,104.530298
2022-08-24,167.401514,123.538685,90.127284,92.196841,104.855828
2022-08-25,168.365103,124.298256,91.007995,94.046568,106.155313
2022-08-26,170.339924,123.703284,91.651727,94.783260,106.677773
2022-08-29,170.920564,123.810860,92.096673,94.002596,106.785314
2022-08-30,170.194124,124.090064,91.456625,94.218306,106.608166
2022-08-31,168.563344,122.800541,90.412544,92.400466,105.611146
2022-09-01,168.150451,122.508825,89.570654,90.270266,104.316463
2022-09-02,168.183048,126.648005,90.876018,91.968059,105.894197
2022-09-05,164.972183,125.381259,89.066389,92.769731,104.124815
2022-09-06,161.153588,124.971599,89.023745,92.166532,103.438168
2022-09-07,159.839546,124.710848,89.511621,90.683134,103.263628
2022-09-08,162.826152,126.517159,89.721536,92.432029,104.277660
2022-09-09,165.338260,126.833400,91.418738,93.840429,105.009664
2022-09-12,165.285232,125.415738,90.665743,94.242041,104.610902
2022-09-13,167.656886,126.138516,90.942255,95.903336,105.075809
2022-09-14,168.938473,125.791108,92.104393,94.199791,104.800921
2022-09-15,169.336922,123.493966,90.292918,93.970836,103.767111
2022-09-16,171.236738,123.815822,91.113425,93.388102,104.340993
2022-09-19,168.475982,122.405570,90.216600,94.819669,103.139592
2022-09-20,169.408760,124.755362,90.999791,95.456611,104.418096
2022-09-21,170.878601,123.450009,91.628733,95.679518,104.945174
2022-09-22,167.685995,121.663887,90.470014,90.569697,103.988317
2022-09-23,165.461083,120.348326,91.545375,90.385410,103.482736
2022-09-26,173.069207,119.939848,92.533135,94.874396,105.435625
2022-09-27,173.409897,119.163455,91.247952,95.024644,105.280619
2022-09-28,173.302360,118.397088,92.405059,96.238237,105.145590
2022-09-29,172.816088,117.708605,92.662962,96.166292,105.401950
2022-09-30,171.953762,116.449919,92.406437,94.032138,104.162407
2022-10-03,172.184470,118.497534,92.624105,92.448558,104.588199
2022-10-04,180.155171,122.634393,94.365329,95.783279,107.274821
2022-10-05,178.528946,124.050261,94.030180,97.170357,107.200461
2022-10-06,187.087216,128.098934,94.009280,98.997462,109.022401
2022-10-07,189.279042,128.706957,94.101842,99.400057,110.177956
2022-10-10,187.167952,128.239685,93.846937,104.603639,110.293697
2022-10-11,187.102483,129.080509,94.153440,102.851275,110.512084
2022-10-12,183.104900,127.288965,93.011045,98.974972,108.099829
2022-10-13,181.628868,130.978844,93.678078,99.197404,108.749709
2022-10-14,182.908589,134.371777,94.717158,99.002569,109.702545
2022-10-17,180.304107,134.516645,95.196577,94.376324,109.856517
2022-10-18,178.274841,133.292839,94.191277,93.646317,108.903630
2022-10-19,180.679639,132.637545,93.350051,95.436029,108.239221
2022-10-20,182.837452,132.689809,92.401482,96.032097,108.287677
2022-10-21,183.432757,130.694535,92.255067,97.555064,107.324605
2022-10-24,183.257219,128.562419,92.093411,101.036545,107.044286
2022-10-25,185.061528,129.329505,93.080294,102.749030,108.199600
2022-10-26,188.092272,130.896845,92.793084,103.327978,108.238942
2022-10-27,181.047140,128.639995,92.097757,102.314197,107.040079
2022-10-28,178.488669,128.878156,91.442798,102.738569,106.073679
2022-10-31,174.117473,128.005119,90.402457,108.860728,106.192523
2022-11-01,176.985334,129.972347,93.013689,109.924784,107.864990
2022-11-02,177.850805,129.931546,92.066144,108.126122,107.303185
2022-11-03,177.030889,129.853028,90.299822,108.074382,106.794480
2022-11-04,176.183839,131.055847,90.795904,103.751761,106.732891
2022-11-07,178.323275,131.195278,91.261075,103.718228,107.368395
2022-11-08,175.294181,129.752974,88.734667,107.045025,106.773237
2022-11-09,175.992230,130.083501,87.768792,102.607457,106.044786
2022-11-10,178.263416,133.004077,86.839799,105.033637,106.785871
2022-11-11,178.899251,134.255827,86.963419,107.468003,107.440844
2022-11-14,180.130978,134.050367,86.523353,106.238378,107.405360
2022-11-15,180.614947,134.868795,87.015677,105.934609,107.640145
2022-11-16,186.560940,135.694395,87.625551,106.176682,110.255188
2022-11-17,196.909061,138.117684,88.125392,110.452417,112.984470
2022-11-18,198.227845,138.984539,88.887660,109.921878,113.114240
2022-11-21,195.953020,137.891537,88.207060,110.646714,112.695116
2022-11-22,197.150289,138.108743,87.053003,111.803430,113.276833
2022-11-23,189.216656,137.620052,86.095672,110.203622,111.350592
2022-11-24,184.623426,136.447820,85.919754,106.360185,109.902079
2022-11-25,181.548526,134.819288,87.358043,105.028688,109.687740
2022-11-28,181.822709,135.154592,86.782479,103.631361,109.252782
2022-11-29,185.459370,136.073856,88.406403,105.411448,109.894468
2022-11-30,183.605928,134.486357,87.935345,104.991750,109.201364
2022-12-01,179.305261,132.667212,87.801863,105.209667,107.838884
2022-12-02,183.093418,134.284121,87.887932,106.590653,108.913877
2022-12-05,185.811449,136.648356,88.755812,109.895037,110.639341
2022-12-06,186.221590,135.971296,87.956043,109.250229,110.296980
2022-12-07,181.634959,134.677923,87.320353,109.613343,109.123947
2022-12-08,183.634591,135.604166,86.997075,106.582517,109.194832
2022-12-09,185.196683,136.088079,86.201350,108.490301,109.154647
2022-12-12,189.527718,136.045375,86.864373,108.301529,109.927683
2022-12-13,186.403751,136.380029,87.275739,107.312150,109.078043
2022-12-14,185.257291,136.663470,87.778186,106.603703,109.197197
2022-12-15,186.839111,136.552715,88.442657,109.980787,110.195627
2022-12-16,184.100330,134.183763,87.074311,112.306178,109.184874
2022-12-19,185.207419,133.560948,86.278532,114.384049,109.495012
2022-12-20,185.739720,132.361475,86.243199,115.632627,108.889461
2022-12-21,188.546125,133.537429,85.163021,115.235225,109.207894
2022-12-22,188.819415,135.415562,84.991385,116.767773,109.851338
2022-12-23,187.320273,137.457186,84.599585,114.920087,110.622651
2022-12-26,185.090831,138.509361,85.769361,108.185163,109.372965
2022-12-27,184.508627,139.394474,85.274989,108.326194,109.527691
2022-12-28,181.644640,137.323838,84.895699,110.344506,109.025305
2022-12-29,180.524677,135.654504,83.906904,108.272860,108.210079
2022-12-30,176.398697,134.291441,83.401687,102.101506,105.625578
2023-01-02,177.072018,136.432843,82.987474,101.889601,105.860134
2023-01-03,178.109534,138.355567,83.405455,102.608855,106.619793
2023-01-04,179.018509,137.341849,82.493344,104.300713,106.552982
2023-01-05,181.560250,139.920523,82.771950,104.641817,106.740620
2023-01-06,182.207140,140.742008,82.916205,102.806022,106.828219
2023-01-09,190.370634,143.189766,85.011310,104.870115,108.988677
2023-01-10,190.689410,142.725543,84.908869,104.374924,109.088735
2023-01-11,192.303154,142.382687,85.490931,106.117736,109.059516
2023-01-12,194.381940,142.271377,85.745558,107.357449,109.638181
2023-01-13,193.809621,141.394473,85.177350,107.214599,109.459335
2023-01-16,189.037427,140.965684,85.436485,105.684224,108.447657
2023-01-17,188.272919,141.845410,85.825356,103.467606,108.404588
2023-01-18,187.653345,141.016762,85.249980,104.661629,108.035204
2023-01-19,192.934816,141.335115,85.042221,104.639510,108.578746
2023-01-20,194.406830,141.661795,85.251757,102.919587,109.345797
2023-01-23,192.785982,141.625542,85.316581,100.005705,108.678679
2023-01-24,194.453971,143.273008,84.993914,100.694062,109.411303
2023-01-25,194.998473,143.990486,83.497237,101.247910,109.036771
2023-01-26,191.463314,142.178778,83.775080,102.826265,108.414272
2023-01-27,186.852971,140.494908,83.158223,102.287605,106.232916
2023-01-30,182.038510,139.051509,83.195769,100.254679,105.236755
2023-01-31,184.045747,141.063837,83.644869,98.445871,104.871021
2023-02-01,181.224040,140.784823,83.794872,100.057431,105.020089
2023-02-02,179.679736,139.393007,83.267662,99.699374,103.981894
2023-02-03,179.816382,141.536038,83.126912,97.017647,103.922789
2023-02-06,185.857453,140.689610,82.860310,96.876003,105.132333
2023-02-07,190.079604,141.920745,83.722190,96.959814,106.123794
2023-02-08,194.721170,141.355892,84.155633,96.393155,106.420803
2023-02-09,195.022819,143.198632,84.193422,96.827763,107.045577
2023-02-10,196.508368,145.085511,84.186658,97.208971,107.576573
2023-02-13,197.620183,146.149963,84.138185,95.597767,109.251925
2023-02-14,201.662796,145.969428,85.214765,94.661203,109.678956
2023-02-15,196.451289,145.562757,85.511879,92.569786,108.666198
2023-02-16,198.293371,147.023882,85.790184,90.888381,108.318637
2023-02-17,200.449283,147.351616,85.500966,91.445401,108.128368
2023-02-20,204.084827,148.285777,85.985835,93.641864,109.160387
2023-02-21,202.513992,148.663327,87.052304,93.532392,110.372099
2023-02-22,208.692028,144.281830,86.791114,93.665360,110.523986
2023-02-23,213.157499,146.851436,87.431029,94.437484,111.839624
2023-02-24,210.851569,145.278266,87.731496,91.776983,110.916176
2023-02-27,212.347106,145.752373,87.746076,92.982708,111.381730
2023-02-28,211.389000,143.600789,88.081065,93.397992,110.688616
2023-03-01,208.835533,141.774560,87.400325,91.036143,109.006024
2023-03-02,209.252957,143.915785,87.701516,92.997575,110.221339
2023-03-03,211.088757,142.659930,87.645224,96.641064,111.336385
2023-03-06,211.638483,142.067606,83.973063,96.745644,110.482288
2023-03-07,209.292749,139.911817,84.237617,95.398206,109.403471
2023-03-08,210.778794,140.800193,84.230684,98.516107,109.796697
2023-03-09,215.509807,144.723923,85.966792,102.602800,112.023567
2023-03-10,212.119537,143.707317,85.993229,103.671669,111.615998
2023-03-13,209.195855,143.592277,86.134253,102.767963,111.048075
2023-03-14,214.710951,146.059191,86.745056,103.386343,112.776996
2023-03-15,212.509075,146.616955,85.879906,99.892628,111.563335
2023-03-16,212.023779,148.914844,85.250022,102.223546,112.329855
2023-03-17,209.679014,147.259305,85.179177,103.464781,112.558286
2023-03-20,202.124851,145.349165,83.968414,101.391089,111.197566
2023-03-21,201.704015,145.794966,84.133071,102.039943,111.314138
2023-03-22,205.772491,146.769272,84.676396,102.466378,112.057629
2023-03-23,212.171351,146.847330,84.263680,101.940995,112.878259
2023-03-24,212.679297,145.112095,83.830179,103.701966,112.794875
2023-03-27,215.431326,144.849562,83.118448,100.391923,112.034357
2023-03-28,219.907178,145.568912,84.320886,103.609547,114.223789
2023-03-29,222.095426,145.776662,87.700099,104.511336,115.995340
2023-03-30,224.519734,146.210939,87.204646,104.110734,115.611223
2023-03-31,227.606275,146.997846,87.606483,106.432128,116.171153
2023-04-03,230.677063,149.593747,88.627417,108.116250,116.791523
2023-04-04,230.819116,150.532062,90.250777,108.765212,117.518801
2023-04-05,227.770690,148.641731,90.416626,107.772172,116.200424
2023-04-06,226.295514,150.567395,90.892396,111.160267,116.920447
2023-04-07,228.908978,151.323463,91.243700,110.342767,117.441701
2023-04-10,230.719056,150.620323,90.651426,109.105545,116.718403
2023-04-11,246.574404,153.374783,91.224900,113.036810,119.479453
2023-04-12,248.942212,154.986474,90.615178,117.275790,120.893321
2023-04-13,250.590220,157.438988,89.473161,117.601396,121.920948
2023-04-14,251.641869,157.716035,89.898245,121.788330,122.648880
2023-04-17,251.261177,155.223398,89.362194,119.374100,121.353770
2023-04-18,247.340428,156.346187,90.794077,117.080865,121.125043
2023-04-19,244.053836,155.398082,91.188431,118.814620,121.244194
2023-04-20,245.214026,154.856588,91.532440,117.522578,120.610653
2023-04-21,241.468635,153.917382,89.889410,118.044102,120.250147
2023-04-24,242.293954,155.617681,90.230957,118.226176,120.665861
2023-04-25,239.771428,153.849060,89.538089,117.081314,118.868463
2023-04-26,242.325849,153.890046,89.367596,121.757618,119.512765
2023-04-27,242.535264,156.637254,90.650667,122.251707,120.900845
2023-04-28,243.387633,157.516820,90.046912,122.499205,120.583909
2023-05-01,245.766655,158.822533,91.159945,127.523514,122.218486
2023-05-02,247.619845,158.851058,90.882113,128.740325,122.436368
2023-05-03,249.389174,158.912309,91.189748,132.442569,122.190698
2023-05-04,253.974227,160.415116,92.111080,133.802304,123.099952
2023-05-05,257.346919,160.405975,94.401325,130.813067,123.232592
2023-05-08,252.113975,161.017811,94.633885,124.232712,121.827158
2023-05-09,251.385683,160.499723,93.610630,123.275628,122.239191
2023-05-10,250.137353,159.476300,92.635214,121.785335,122.089722
2023-05-11,257.720481,164.753618,93.494690,123.970224,124.518458
2023-05-12,263.786004,166.761807,92.654487,125.729573,125.152342
2023-05-15,265.080692,168.943725,92.735263,129.494253,125.721967
2023-05-16,275.325943,174.828156,93.103299,131.695289,128.492932
2023-05-17,274.462560,173.782620,92.538992,133.763358,128.269587
2023-05-18,267.680250,173.038848,93.612082,134.030932,128.334997
2023-05-19,266.615403,173.582528,93.165771,109.894910,125.205241
2023-05-22,271.484461,174.850670,92.056822,112.652449,126.084939
2023-05-23,266.306448,173.423801,91.888171,107.868465,124.736372
2023-05-24,275.019224,178.382413,92.570954,108.627595,126.893031
2023-05-25,281.480168,179.321673,93.051963,108.134212,129.096420
2023-05-26,276.242697,174.538232,91.843198,109.035803,127.608577
2023-05-29,275.906234,173.739541,91.679484,108.333679,128.755986
2023-05-30,267.390608,165.208918,91.152805,106.520294,125.939014
2023-05-31,267.278695,166.399854,91.655701,108.569245,127.259878
2023-06-01,274.200314,168.042592,92.443315,103.413326,128.350194
2023-06-02,275.027098,168.155839,94.218684,101.199081,127.759526
2023-06-05,274.651106,166.846080,93.024736,100.217984,127.321801
2023-06-06,269.710403,166.910341,92.893055,101.016877,127.317975
2023-06-07,281.282618,171.015689,94.187538,103.532490,130.155760
2023-06-08,281.655260,169.319401,93.511697,105.014438,130.214994
2023-06-09,282.342300,174.727778,95.793727,108.436391,132.005302
2023-06-12,288.099607,175.636482,96.732036,105.364660,132.125286
2023-06-13,283.557560,173.801087,95.753692,106.095641,131.454620
2023-06-14,280.793777,173.126907,96.933176,104.500745,131.164641
2023-06-15,285.298493,170.672691,97.139787,105.676771,131.039935
2023-06-16,281.555057,168.437054,95.713182,101.832059,129.807168
2023-06-19,281.839063,167.643589,96.005901,101.777231,129.631014
2023-06-20,275.508122,161.969352,94.394931,101.691337,127.329981
2023-06-21,273.688524,163.016037,94.420306,102.122319,128.057028
2023-06-22,260.223721,160.035272,93.021975,103.038013,126.271468
2023-06-23,260.516229,163.251175,92.255683,104.101840,127.098202
2023-06-26,267.085198,164.619100,91.499598,105.449513,127.584837
2023-06-27,264.023567,164.911837,91.749026,107.293045,127.144488
2023-06-28,262.784847,162.956124,91.271526,105.303779,125.572804
2023-06-29,254.520852,159.989352,89.700729,103.236701,122.584679
2023-06-30,257.451207,158.822090,89.304524,101.276785,122.365947
2023-07-03,258.024165,158.877281,88.769476,104.166176,122.752114
2023-07-04,257.535513,154.677399,87.575696,104.572201,121.968949
2023-07-05,261.979275,158.381419,87.599844,106.377557,122.998015
2023-07-06,261.540123,158.662517,88.102899,106.878501,123.335124
2023-07-07,260.712058,157.180306,88.969043,109.184788,123.471146
2023-07-10,268.493791,156.690790,89.814251,110.026254,124.325672
2023-07-11,270.705771,159.448796,89.759891,112.111510,125.298542
2023-07-12,270.267675,160.936702,90.425903,109.475875,125.452990
2023-07-13,274.906424,162.208857,89.990187,112.345532,127.587049
2023-07-14,278.212023,161.997474,88.654743,111.266223,127.124943
2023-07-17,275.439949,164.648935,88.534521,111.875333,127.794055
2023-07-18,276.102669,164.441294,88.212114,113.276478,128.246905
2023-07-19,274.471764,161.269688,88.098822,112.660735,128.035997
2023-07-20,278.627135,160.844728,86.657574,112.854839,128.172339
2023-07-21,280.775138,160.974174,83.387640,113.375161,127.144423
2023-07-24,281.402592,161.577515,82.182978,112.937441,127.071799
2023-07-25,296.143695,166.238196,83.861766,115.723914,131.127008
2023-07-26,298.749113,166.104875,85.078431,116.576762,131.510630
2023-07-27,300.266565,168.444608,85.172901,118.450077,132.962238
2023-07-28,301.843422,170.233989,84.819526,121.741781,133.649320
2023-07-31,306.228908,171.593241,85.949027,121.950067,134.064119
2023-08-01,302.193621,171.166812,86.355478,122.573399,134.028866
2023-08-02,301.999538,169.583647,86.334229,122.112467,133.371877
2023-08-03,296.250244,168.821899,86.914665,123.003322,132.305885
2023-08-04,295.961790,172.790481,86.916812,124.829042,131.849335
2023-08-07,301.847180,172.661649,87.214200,125.556259,133.014037
2023-08-08,302.636912,174.588185,87.838263,125.008826,133.731677
2023-08-09,287.189929,171.500855,88.181706,125.007187,132.247351
2023-08-10,284.487057,170.831718,87.596670,127.513230,131.685390
2023-08-11,275.856929,168.650407,86.005291,127.510051,129.397416
2023-08-14,272.206541,167.714177,85.688928,124.887695,129.242278
2023-08-15,270.387100,165.440782,85.855749,123.755666,128.134604
2023-08-16,263.189538,163.864709,85.984338,122.937093,127.642754
2023-08-17,273.108295,164.621172,86.386538,125.365391,129.102706
2023-08-18,284.809894,167.616043,85.579613,126.974487,130.608449
2023-08-21,285.570444,164.870435,85.409282,125.898562,129.239988
2023-08-22,285.945933,166.861287,86.235229,126.751645,130.826836
2023-08-23,293.891988,167.879639,85.688228,125.499336,131.174583
2023-08-24,293.473728,164.164485,86.002068,123.557735,130.895534
2023-08-25,284.008504,161.790605,85.973214,121.323295,129.448729
2023-08-28,281.144971,164.869172,86.079691,125.716654,129.164077
2023-08-29,289.991843,167.691131,86.465254,128.438664,131.103145
2023-08-30,291.821391,167.533464,85.198039,126.424460,130.819750
2023-08-31,287.366986,163.739520,85.128873,120.703958,128.899937
2023-09-01,287.512964,162.412349,84.229208,121.452691,128.344152
2023-09-04,285.503530,161.297324,83.095917,121.409310,125.778442
2023-09-05,290.419366,163.767958,83.916429,122.162394,127.217741
2023-09-06,296.120376,166.261262,84.530478,123.423648,129.500384
2023-09-07,305.045581,168.699867,86.971689,130.707760,132.331587
2023-09-08,274.079215,159.055027,83.495159,119.641614,125.589058
2023-09-11,274.756594,161.322392,83.431889,117.892792,125.984651
2023-09-12,274.634882,163.850010,84.323904,116.378591,127.110108
2023-09-13,274.031578,165.692924,84.581515,117.586731,128.145889
2023-09-14,274.534300,168.869119,84.003090,116.521373,128.628690
2023-09-15,277.321519,172.300809,85.200802,120.281586,130.383770
2023-09-18,271.153078,170.202666,84.707568,116.697498,129.231278
2023-09-19,286.245557,171.696933,85.719676,118.453881,130.811065
2023-09-20,280.410352,169.665392,84.450893,119.517591,129.783762
2023-09-21,284.587075,170.724487,84.559807,119.123963,130.155361
2023-09-22,278.845522,170.117118,84.395813,116.019282,129.994887
2023-09-25,283.145126,172.679731,84.642075,117.132666,130.862639
2023-09-26,285.821588,172.759232,85.303892,116.981626,131.285327
2023-09-27,293.109691,175.422007,85.919818,119.321772,132.760500
2023-09-28,294.683910,173.484669,85.662130,120.819807,133.265282
2023-09-29,298.159978,171.993254,86.465526,119.896579,133.684037
2023-10-02,296.976902,169.479690,86.245697,121.302119,133.445439
2023-10-03,286.329567,168.383906,85.280826,116.373660,131.033752
2023-10-04,279.628074,169.090510,84.096946,114.957929,129.575216
2023-10-05,279.887987,167.753120,84.908256,114.171376,129.317256
2023-10-06,277.861961,164.922308,85.518160,108.273840,127.985893
2023-10-09,290.300790,168.605923,86.847806,111.633313,130.590504
2023-10-10,298.705818,170.110675,84.914046,112.620696,131.241904
2023-10-11,299.944745,169.826724,84.972445,113.357712,131.999241
2023-10-12,301.610578,166.870285,84.743801,111.490646,131.556748
2023-10-13,294.136312,167.512578,85.241749,109.639261,130.248207
2023-10-16,289.354530,166.690256,85.881582,111.475697,130.119554
2023-10-17,279.642908,165.441106,86.507386,108.032980,128.536206
2023-10-18,283.992446,167.393998,87.675299,109.092774,130.081631
